假名,日语汉字,中文翻译,容易混淆的单词,混淆词翻译
ああ,嗚呼,啊！哎呀！（感叹词）,あい,爱
あい,相,互相、彼此,あいお,爱意
あいかわらず,相変わらず,依然、照旧、还是老样子,あいそう,相像
あいそ,愛想,招待、殷勤；讨人喜欢,あいじ,爱子
あいたい,相対,对面、相对,あいたい,相手
あいだがら,間柄,关系、交情,あいだ,间
あいにく,愛憎,爱憎,あいそう,爱憎（注意：あいにく应为生憎，意思是'不凑巧'）
あいま,合間,余暇、空隙,あいだ,间
あいまい,曖昧,暧昧、模糊,あいまい,鲜明
あえて,敢えて,敢、勉强,あえて,せめて
あおぐ,仰ぐ,仰视、尊敬,あおぐ,仰ぐ（仰天）
あか,垢,污垢、污垢,あか,赤
あか,亜科,亚科,あか,赤
あかがね,銅,铜,あか,赤
あかし,証,证据、证明,あかし,赤し
あかじ,赤字,赤字、亏空,くろじ,黑字
あかす,明かす,揭开、揭露,あける,开ける
あかちゃん,赤ちゃん,婴儿,あか,赤
あからさま,明白,明显、露骨,あからさま,隠す
あからむ,赤らむ,变红、脸红,あかるい,明るい
あかるい,明るい,明亮、开朗,くらい,暗い
あがり,上がり,完成、收获,あがる,上がる
あがる,上がる,上、上升、提高,さがる,下がる
あきうど,商人,商人,しょうにん,商人（不同读音）
あきま,空間,空间,くうかん,空间（不同读音）
あきらめ,諦め,断念、死心,あきらめる,諦める
あきれる,呆れる,发愣、吃惊,あくび,欠伸
あく,悪,坏、恶,あく,开く
あく,灰,灰烬,あく,开く
あくどい,,过分、恶毒,あくど,悪
あくび,悪日,哈欠（注意：悪日读音不是あくび，应该是欠伸）,あくび,欠伸
あくる,明くる,下、次、第二,あける,明ける
あこがれ,憧れ,憧憬、向往,あきれる,呆れる
あご,顎,下巴、颚,あご,颚
あさ,麻,麻,あさ,朝
あさって,明後日,后天,きのう,昨日
あさねぼう,朝寝坊,睡懒觉（的人）,あさ,朝
あさましい,浅ましい,卑鄙、浅薄,あさ,浅い
あざ,字,地区、村镇,あざ,痣
あざむく,欺く,欺骗、蒙蔽,あざ,痣
あざやか,鮮やか,鲜艳、清晰,くどい,くどい
あざわらう,あざ笑う,嘲笑,わらう,笑う
あじわい,味わい,风味、滋味,あじ,味
あずま,東,东,ひがし,東（不同读音）
あせる,焦る,焦急、着急,あせる,急ぐ
あそこ,彼処,那里、那边,ここ,这里
あたい,値,值、价值,あたい,代
あたいする,値する,值、值得,あたい,値
あたし,私,我（口语）,わたし,私（不同用法）
あたり,当たり,击中、命中,あたる,当たる
あたりまえ,当たり前,当然、普通,ふしぎ,不思議
あだびと,他人,他人、外人,あだ,仇
あちこち,彼方此方,到处、各处,あちこち,あちら
あちら,彼方,那边,こちら,这边
あちらこちら,彼方此方,到处,あちこち,彼方此方
あっか,悪化,恶化,あっか,悪
あっけない,呆気ない,没意思、未尽兴,あける,開ける
あっこう,悪口,坏话、骂,よいことば,いい言葉
あっさり,,清淡、干脆,こってり,浓
あっぱく,圧迫,压迫,あっぱく,圧
あつかい,扱い,处理、对待,あつかう,扱う
あつまる,集まる,集合、聚集,あつめる,集める
あつらえる,誂える,定做、订购,あつらえ,誂い
あつりょく,圧力,压力,あつ,熱
あて,当て,目标、指望,あてる,当てる
あて,宛,收件人,あてる,宛てる
あてじ,当て字,借字、假借字,あて,宛
あてはまる,当てはまる,适合、符合,あてはめる,当てはめる
あてはめる,当てはめる,适用、套用,あてはまる,当てはまる
あてる,宛てる,发给、寄给,あてる,当てる
あとつぎ,跡継ぎ,继承人、接班人,あと,後
あとまわし,後回し,推迟、往后放,さきに,先に
あなた,貴女,您,わたし,私
あの,彼の,那个,この,这个
あふれる,溢れる,溢出、充满,あふる,溢る
あぶらえ,油絵,油画,あぶら,油
あぶる,炙る,烤、炙,あぶる,揺る
あべこべ,,相反、颠倒,あべ,あべ
あまえる,甘える,撒娇、依赖,あまい,甘い
あまくち,甘口,甜口,からくち,辛口
あまぐ,雨具,雨具,あま,雨
あまつ,天,天、苍天,てん,天（不同读音）
あみ,網,网,あむ,編む
あめつち,天地,天地、天地,てんち,天地
あやつる,操る,操纵、控制,あや,あや
あやふや,,模糊、暧昧,あいまい,曖昧
あやぶむ,危ぶむ,担心、忧虑,あぶない,危ない
あやまち,過ち,过错、失误,あやまる,謝る
あやまる,誤る,弄错、搞错,あやまる,謝る
あゆみ,歩み,步伐、脚步,あるく,歩く
あゆむ,歩む,走、前进,あるく,歩く
あら,,喂（打招呼）,あれ,あれ
あらかじめ,予め,预先,あとで,後で
あらす,荒らす,糟蹋、骚扰,あら,荒
あらすじ,粗筋,梗概、大意,あらすじ,筋
あらそい,争い,争执、争斗,あらそう,争う
あらたまる,改まる,改变、改善,あらた,改
あらっぽい,荒っぽい,粗暴、粗鲁,あら,荒
あらゆる,凡ゆる,所有的、一切的,すべて,全て
101 | あらわれ,現われ,表现、出现,あらわす,表す
102 | あらわれる,現われる,表现、显现,あらわす,表す
103 | ありがとう,有難う,谢谢,すみません,对不起
104 | ありさま,有様,情况、样子,ありすがた,有姿
105 | ありのまま,有のまま,如实、原样,ありまま,現状
106 | ある,或る,某个（不定冠词）,ある,有る
107 | あるいは,或いは,或者,ある,有る
108 | あれこれ,彼此,这个那个、种种,あれ,彼
109 | あわす,合わす,合在一起、对照,あわせる,合わせる
110 | あわせ,合わせ,合在一起,あわせる,合わせる
111 | あわただしい,慌ただしい,匆忙、忙乱,あわてる,慌てる
112 | あわてる,慌てる,惊慌、慌张,あわただしい,慌ただしい
113 | あんさつ,暗殺,暗杀,あんざん,暗算
114 | あんざん,暗算,心算、口算,あんさつ,暗殺
115 | あんじ,暗示,暗示,あんじる,案じる
116 | あんじる,案じる,担心、忧虑,あんじ,暗示
117 | あんせい,安静,安静、静养,あんい,安位
118 | あんのじょう,案の定,果然、正如预期,あん,案
119 | あんまり,余り,太、过于,あまり,余り
120 | い,依,依赖、依靠,い,威
121 | いい,良い,好的,わるい,悪い
122 | いい,伊井,姓氏（日本姓氏）,いい,良い
123 | いいえ,否,不、不是,はい,はい
124 | いいかげん,いい加減,适度；随便,まじめ,真面目
125 | いいわけ,言い訳,借口、辩解,いいがかり,言いがかり
126 | いえで,家出,离家出走,いえ,家
127 | いえぬし,家主,房东、户主,いえ,家
128 | いかが,如何,如何、怎么样,どう,如何
129 | いかす,生かす,活用、弄活,いける,活ける
130 | いかずち,雷,雷电,かみなり,雷
131 | いかに,如何に,如何、怎样,どう,如何
132 | いかにも,如何にも,真的、确实,いかが,如何
133 | いかり,怒り,愤怒,なきごえ,泣き声
134 | いかる,怒る,发怒,わらう,笑う
135 | いがむ,歪む,歪斜、扭曲,まがる,曲がる
136 | いき,粋,风流、洒脱,いき,息
137 | いきがい,域外,域外,いきがい,生きがい
138 | いきごむ,意気込む,兴致勃勃,いき,意気
139 | いきさつ,経緯,经纬、经过,けいい,経緯
140 | いきちがい,行き違い,差错、错过,いきちがえ,行き違え
141 | いきなり,行き成り,突然、冷不防,いきなり,行き成り
142 | いぎ,異議,异议,いぎ,意義
143 | いく,幾,几、多少,いく,行く
144 | いくさ,軍,军队、战事,いくさ,戦
145 | いくさ,戦,战斗、战争,いくさ,軍
146 | いくせい,育成,培育、培养,いくいく,育く
147 | いくた,幾多,许多、诸多,いく,幾
148 | いける,活ける,养活,いける,行ける
149 | いけん,異見,异议、不同意见,いけん,意見
150 | いこう,意向,意向,いこう,以降
151 | いこう,移行,过渡、转移,いこう,意向
152 | いざ,来、那么,いざ,さあ
153 | いしぶみ,碑,纪念碑、石碑,いし,石
154 | いしょう,衣装,服装、戏装,いしょう,異常
155 | いじ,意地,意气、固执,いじ,維持
156 | いじめる,苛める,欺负、捉弄,いじる,弄る
157 | いじゅう,移住,移居、迁居,いじゅう,異種
158 | いじる,弄る,摆弄、玩弄,いじめる,苛める
159 | いずれ,何れ,哪个、反正,どれ,何れ
160 | いせい,異性,异性,いせい,異性
161 | いせき,遺跡,遗迹,いせき,異席
162 | いぜん,依然,依然、仍旧,いぜん,以前
163 | いそん,依存,依存、依靠,いぞん,異存
164 | いたく,委託,委托,いたく,痛く
165 | いたずら,悪戯,恶作剧,いたずら,徒
166 | いただき,頂,山顶、顶部,いただく,頂く
167 | いただきます,戴きます,我吃了、受领,いただく,頂く
168 | いたって,至って,非常、极其,いたる,至る
169 | いたむ,痛む,疼痛,いためる,痛める
170 | いためる,痛める,弄伤、使痛,いたむ,痛む
171 | いためる,炒める,炒菜,いためる,痛める
172 | いたわる,労る,照顾、慰劳,いこう,意向
173 | いち,市,市、集市,いち,一
174 | いち,位地,地位、位置,いち,一
175 | いちいち,一々,逐一、一个个,いち,一
176 | いちがいに,一概に,一概、一律,いち,一
177 | いちげん,一見,一看、乍看,いちげん,一言
178 | いちげん,一言,一句话,いちげん,一見
179 | いちじつ,一日,一天、某日,いちじ,一次
180 | いちじょう,一定,一定、固定,いちじ,一次
181 | いちじるしい,著しい,显著的、明显的,いちじるしい,目立つ
182 | いちどう,一同,全体、大家,いちど,一度
183 | いちにん,一人,一个人,ふたり,二人
184 | いちぶ,一部,一部分,いちぶ,一部
185 | いちぶぶん,一部分,一部分,いちぶ,一部
186 | いちべつ,一別,一别、离别,いち,一
187 | いちめん,一面,一方面、侧面,いち,一
188 | いちもく,一目,一眼、看一眼,いち,一
189 | いちよう,一様,一样、同样,いち,一
190 | いちりつ,一律,一律,いち,一
191 | いちれん,一連,一连串、一系列,いち,一
192 | いっかつ,一括,一括、汇总,いち,一
193 | いっき,一気,一口气、一口气地,いち,一
194 | いっきょに,一挙に,一举、一下子,いち,一
195 | いっさい,一切,一切、全,いち,一
196 | いっしん,一心,一心、专心,いち,一
197 | いっそ,倒不如、索性,いっそ,いっそ
198 | いったい,一帯,一带、整个地区,いち,一
199 | いっぱい,一敗,一败,いっぱい,一杯
200 | いっぺん,一変,一变、完全改变,いっぺん,一遍
いつ,何時,什么时候,いつか,某时
いつか,何時か,某时、总有一天,いつ,什么时候
いつでも,何時でも,无论何时,いつも,总是
いつのまにか,何時の間にか,不知不觉,いつまでも,永远
いつまでも,何時までも,永远,いつのまにか,不知不觉
いつも,何時も,总是,いつでも,无论何时
いと,意図,意图,いと,丝
いとなむ,営む,经营,いとなみ,营み
いとま,暇,闲暇,いと,意図
いどう,異動,人事调动,いどう,移动
いどむ,挑む,挑战,いど,井户
いなびかり,稲光,闪电,いな,稻
いにしえ,古,古代,ふるい,古い
いのり,祈り,祈祷,いのる,祈る
いびき,鼾,打鼾,いび,伊美
いまさら,今更,事到如今,いまだ,尚未
いまだ,未だ,尚未,いまさら,事到如今
いみん,移民,移民,いみん,异民
いやいや,厭々,厌烦地,いや,不
いやしい,卑しい,卑微,いや,讨厌
いやに,非常地,いやにも,好像
いやらしい,厭やらしい,令人厌恶,いや,讨厌
いよいよ,愈々,终于,ますます,越来越
いよく,意欲,意欲、积极性,いよ,愈
いらいら,苛々,焦躁,いら,丝
いりくち,入口,入口,いりぐち,入り口
いりょう,衣料,衣料,いりょう,医疗
いりょく,威力,威力,いりょ,依頼
いる,入る,进入,いる,居る
いるい,衣類,衣物,いる,居る
いろいろ,色々,各种各样,いろ,颜色
いろん,異論,异议,いろ,颜色
いわゆる,所謂,所谓,いわ,所谓
いん,印,印记,いん,员
いん,員,人员,いん,印
いんかん,印鑑,印章,いん,印
いんき,陰気,阴郁、阴气,いんき,引退
いんきょ,隠居,隐居,いん,引退
うえした,上下,上下,うえ,上
うかぶ,浮かぶ,浮现、漂,うかべる,浮かべる
うかる,受かる,考中、及格,うける,受ける
うがい,含嗽,漱口,うかがう,伺う
うけいれ,受け入れ,接受,うけいれる,受け入れる
うけいれる,受け入れる,接受,うけいれ,受け入れ
うけつぐ,受け継ぐ,继承,うけつぎ,受け継ぎ
うけつける,受け付ける,受理,うけつけ,受け付け
うけとめる,受け止める,接住,うけとめる,受ける
うけとり,受け取り,领取,うけとる,受け取る
うけみ,受身,被动,うける,受ける
うごき,動き,活动、动态,うごく,動く
うしお,潮,潮汐,しお,潮
うじ,氏,氏族,うじ,蛆
うず,渦,漩涡,うず,臍
うずまる,埋まる,被埋、填满,うめる,埋める
うそつき,嘘つき,撒谎者,うそ,谎言
うちあわせ,打ち合わせ,事先商议,うちあわせる,打ち合わせる
うちあわせる,打ち合わせる,商量,うちあわせ,打ち合わせ
うちきる,打ち切る,中止,うつ,打つ
うちけし,打ち消し,否定,うちけす,打ち消す
うちこむ,打ち込む,敲入、热衷,うつ,打つ
うちわ,団扇,团扇,うつわ,器
うちわけ,内訳,详细内容,うち,内
うったえ,訴え,诉讼、控诉,うったえる,訴える
うっとうしい,鬱陶しい,郁闷、令人厌烦,うつ,抑郁
うつし,写し,副本、抄写,うつす,写す
うつろ,空ろ,空虚,うつる,移る
うつわ,器,器皿、能力,うつ,移る
うてん,雨天,雨天,うてん,雨天
うでまえ,腕前,本领、技艺,うで,腕
うどん,饂飩,乌冬面,うど,宇土
うながす,促す,催促,うな,唸る
うなる,唸る,呻吟、轰鸣,うな,唸り
うぬぼれ,自惚れ,自大,うぬぼれる,自惚れる
うまい,甘い,美味、擅长,あまい,甘い
うまれつき,生まれつき,天性,うまれる,生まれる
うみじ,海路,海路,うみ,海
うむ,産む,生产,うむ,有無
うめこむ,埋め込む,嵌入,うめる,埋める
うめぼし,梅干,梅干,うめ,梅
うら,末,末端、末尾,うら,裏
うらがえし,裏返し,翻过来,うら,裏
うりだし,売り出し,开始销售,うりだす,売り出す
うりだす,売り出す,推出、开始卖,うりだし,売り出し
うるおう,潤う,滋润,うるおす,潤す
うるさい,五月蝿い,吵闹,うる,売る
うれゆき,売れ行き,销售情况,うれる,売れる
うわき,浮気,见异思迁,うわき,浮気
うわて,上手,高超,したて,下手
うわまわる,上回る,超过,したまわる,下回る
うわる,植わる,生长,うえる,植える
うんえい,運営,运营,うん,运
うんざり,厌烦,うん,运
うんそう,運送,运送,うん,运
うんちん,運賃,运费,うんちん,運賃
うんぬん,云々,云云、等等,うん,运
うんぱん,運搬,搬运,うん,运
うんめい,運命,命运,うん,运
うんゆ,運輸,运输,うん,运
うんよう,運用,运用,うん,运
え,会,聚会、绘画,え,絵
え,重,画、绘画,え,会
えい,永,永远、长久,えい,映
えいしゃ,映写,放映、电影,えいじ,英字
えいじ,英字,英文字母,えいしゃ,映写
えいせい,衛生,卫生,えいぞう,映像
えいぞう,映像,影像、视频,えいゆう,英雄
えいゆう,英雄,英雄、豪杰,えい,永
えき,液,液体,えき,駅
えき,役,角色、职务,えき,駅
えつらん,閲覧,阅览、浏览,えつ,閲
えもの,獲物,猎物、捕获物,えだ,枝
えり,襟,衣领、领口,えり,縁
えん,縁,边缘、缘分,えん,円
えん,塩,盐,えん,縁
えん,艶,光泽、艳丽,えん,円
えん,園,园子、花园,えん,円
えんかつ,円滑,圆滑、顺畅,えんがわ,縁側
えんがわ,縁側,缘廊、廊檐,えんがん,沿岸
えんがん,沿岸,沿岸,えんきょく,婉曲
えんきょく,婉曲,委婉,えんしゅう,演習
えんしゅう,演習,演习,えんしゅつ,演出
えんしゅつ,演出,演出,えんじる,演じる
えんじる,演じる,表演,えんずる,演ずる
えんずる,演ずる,表演,えんせん,沿線
えんせん,沿線,沿线,えんだん,縁談
えんだん,縁談,婚事,えんぽう,遠方
えんぽう,遠方,远方,えんまん,円満
えんまん,円満,圆满,えん,円
お,尾,尾巴,おう,負う
お,於,在、于,おい,甥
おい,甥,侄子、外甥,おう,追う
おいこむ,追い込む,追进、逼入,おいだす,追い出す
おいしい,美味しい,美味、好吃,あまい,甘い
おいだす,追い出す,赶出,おいこむ,追い込む
おいて,於いて,在、在...方面,おいて,おいては
おいでになる,お出でになる,（敬语）来、去,おいで,居りで
おいる,老いる,年老,おう,負う
おう,負う,背负、承受,おう,追う
おうきゅう,応急,应急,おう,王
おうごん,黄金,黄金,おうしき,王式
おうしょく,黄色,黄色,きいろ,黄色
おうぼ,応募,应募、报名,おう,王
おおい,多い,多,すくない,少ない
おおかた,大方,大概、大都,おおい,多い
おおがら,大柄,大个子、大身材,こがら,小柄
おおげさ,大げさ,夸大,こげさ,小げさ
おおごと,大事,大事件,だいじ,大事
おおざっぱ,大ざっぱ,粗糙、草率,こざっぱ,小ざっぱ
おおすじ,大筋,梗概、大纲,こすじ,小筋
おおぞら,大空,天空,おぞら,小空
おおはば,大幅,大幅度,こはば,小幅
おおみず,大水,大洪水,こみず,小水
おおやけ,公,公共、公开,こやけ,小やけ
おかげ,お蔭,托福、幸亏,おかげさま,お蔭様で
おかげさまで,お蔭様で,托您的福,おかげ,お蔭
おかしい,可笑しい,奇怪、好笑,おかしい,変だ
おかす,犯す,犯、违背,おかす,侵す
おかす,侵す,侵犯,おかす,犯す
おかず,お菜,小菜,おかず,お粥
おくびょう,臆病,胆小,きょうぶ,強夫
おくらす,遅らす,推迟,はやめる,早める
おくれ,遅れ,延迟,はやる,早る
おこす,起こす,唤醒、引起,たてる,立てる
おこない,行い,行为,おこなう,行う
おごそか,厳か,庄严,おごそか,厳か
おごる,傲る,傲慢,へりくだる,謙る
おさ,長,长度、首领,ながい,長い
おさえる,押さえる,按住、控制,おさえる,抑える
おさきに,お先に,先走、先告辞,おとに,お後に
おさまる,収まる,平息、收进,おさまる,納まる
おさまる,納まる,容纳、收下,おさまる,収まる
おさまる,治まる,平定,おさまる,収まる
おさん,お産,生孩子,おさん,お散歩
おしえ,教え,教导、教育,おしえる,教える
おしこむ,押し込む,塞进、关押,おいこむ,追い込む
おしむ,惜しむ,珍惜,うやまう,敬う
おしゃべり,お喋り,多嘴、闲聊,おしゃべり,お喋り
おしゃれ,お洒落,时髦,おしゃれ,お洒落
おしよせる,押し寄せる,涌来,おしよせる,押し寄せる
おじいさん,お祖父さん,祖父,おばあさん,お祖母さん
おじゃまします,お邪魔します,打扰了,おじゃま,お邪魔
おす,雄,雄性,めす,雌
おせじ,お世辞,奉承,おせじ,お世辞
おそう,襲う,袭击,おそう,追う
おそくとも,遅くとも,最晚,はやくとも,早くとも
おそらく,恐らく,恐怕,おそい,遅い
おそれ,恐れ,恐惧,おそれいる,恐れ入る
おそれいる,恐れ入る,佩服、抱歉,おそれ,恐れ
おだいじに,お大事に,保重,おだいじ,お大事
おだてる,煽てる,煽动,おだてる,おだてる
おちこむ,落ち込む,消沉、陷入,おちる,落ちる
おちつき,落ち着き,镇静,おちつく,落ち着く
おちば,落ち葉,落叶,おちる,落ちる
おちる,落ちる,掉落,おちこむ,落ち込む
おっかない,おっかない,可怕、厉害,こわい,怖い
おっしゃる,仰っしゃる,（敬语）说,おしゃべり,お喋り
おつ,乙,乙、妙龄,おつ,をと
おつかい,お使い,差使,おつかい,お使い
おてあげ,お手上げ,投降,おてあげ,お手入れ
おてあらい,御手洗い,洗手间、厕所,おてあげ,お手上げ
おと,弟,弟弟,おとり,音
おとす,落とす,掉下、丢下,おとる,衰る
おとずれる,訪れる,访问、到来,おとずれ,訪れ
おとなしい,大人しい,老实、温顺,おとな,大人
おとめ,少女,少女,おとずれる,訪れる
おとも,お供,随从、陪同,おともに,お供に
おとろえる,衰える,衰退、衰弱,おとる,衰る
おどおど,惶恐不安、惊慌失措,おどる,踊る
おどかす,脅かす,威胁、吓唬,おどす,脅す
おどす,脅す,威胁、恐吓,おどかす,脅かす
おどろき,驚き,惊讶,おどろく,驚く
おないどし,同い年,同龄,おなじ,同じ
おなご,女子,女孩子,おなじ,同じ
おねがいします,お願いします,请、拜托,おにいさん,お兄さん
おのおの,各,各自、各位,おのずから,自ずから
おのずから,自ずから,自然地、自行,おのおの,各
おはよう,お早う,早上好,おはいり,お入り
おばあさん,お祖母さん,祖母、奶奶,おじいさん,お祖父さん
おびえる,怯える,害怕、胆怯,おびる,帯びる
おびただしい,夥しい,极多、大量,おびる,帯びる
おびる,帯びる,带有、佩戴,おきる,起きる
おぼえ,覚え,记忆、印象,おぼえる,覚える
おまけ,御負け,额外赠送,おまえ,お前
おまわりさん,お巡りさん,警察、巡警,おまわり,お回り
おみや,お宮,神社,おみやげ,お土産
おむつ,お襁褓,尿布,おむる,尿る
おめでとう,お目出度う,恭喜,おめでたい,お目出度い
おも,面,面、方面,おもい,重い
おもいつき,思い付き,主意、想法,おもう,思う
おもしろい,面白い,有趣、有趣味,おもい,重い
おもちゃ,玩具,玩具,おもて,表
おもなる,重なる,重叠、重合,おもい,重い
おもむき,趣,情趣、风格,おもむく,赴く
おもむく,赴く,前往、趋向,おもむき,趣
おもやく,重役,重职、重役,おもい,重い
おもんじる,重んじる,重视、尊重,おもい,重い
おもんずる,重んずる,重视、尊重,おもんじる,重んじる
おやすみ,お休み,晚安、休息,おやすむ,休む
おやつ,お八,点心、零食,おや,お父
およそ,凡そ,大约、大概,およぶ,及ぶ
および,及び,以及、和,およぶ,及ぶ
およぶ,及ぶ,涉及、波及、达到,および,及び
おり,織,织物,おりる,降りる
おり,檻,笼子,おりる,降りる
おりかえす,折り返す,折返、折回,おる,折る
おりもの,織物,纺织品、织品,おりる,降りる
おる,織る,编织,おる,折る
おれ,俺,我（男子自称）,おれい,御礼
おろか,愚か,愚蠢、糊涂,おろす,下ろす
おろそか,疎か,疏忽、怠慢,おろす,下ろす
おわる,終わる,结束、完成,おわり,終わり
おんいろ,音色,音色,おん,音
おんわ,温和,温和、温顺,おん,音
か,仮,假、临时,がい,害
か,科,学科、科别,かい,階
か,個,个、位,かい,階
かい,下位,下位、低位,かい,海
かい,階,楼层、阶层,かい,海
かいあく,改悪,恶化、变坏,かいぜん,改善
かいうん,海運,海运,かいそう,海草
かいかく,改革,改革,かいか,海価
かいがら,貝殻,贝壳,かい,貝
かいきゅう,階級,阶级,かい,階
かいきょう,海峡,海峡,かい,海
かいけん,会見,会见、接见,かいけん,怪現
かいご,介護,护理、看护,かいこう,航海
かいさい,開催,举办、召开,かいざい,開罪
かいしゅう,回収,回收,かいしゅう,改修
かいしゅう,改修,改建、修缮,かいしゅう,回収
かいじゅう,怪獣,怪兽、怪兽,かい,海
かいじょ,解除,解除、撤销,かい,海
かいそう,回送,回送、空驶,かいそう,階層
かいそう,階層,阶层、层次,かいそう,回送
かいたく,開拓,开拓,かい,海
かいだん,会談,会谈,かいだん,階段
かいてい,改定,改定,かいてい,海底
かいてい,改訂,改订,かいてい,改定
かいどう,街道,街道、大道,かいどう,開道
かいにゅう,介入,介入,かい,海
かいはつ,開発,开发、研制,かい,海
かいばつ,海抜,海拔,かい,海
かいほう,介抱,护理、照料,かいほう,解放
かいぼう,解剖,解剖,かいほう,介抱
かいらん,回覧,传阅、传看,かい,海
かいりゅう,海流,海流,かい,海
かいりょう,改良,改良,かい,海
かいろ,回路,电路,かい,海
かえりみる,顧みる,回顾、回想,かえる,返る
かえりみる,省みる,反省、回顾,かえる,返る
かえる,返る,返回、还原,かえる,変える
かおつき,顔付き,相貌、神态,かお,顔
かかげる,掲げる,悬挂、高举,かける,掛ける
かかと,踵,脚后跟,かか,以下
かかり,係り,主管、经办人员,かかる,掛かる
かがい,課外,课外,かい,会
かきとり,書き取り,听写、笔录,かく,書く
かきとる,書き取る,记下、抄录,かく,書く
かきまわす,掻き回す,搅乱、翻搅,かく,掻く
かく,欠く,缺乏、缺少,かく,書く
かく,角,角、角落,かく,書く
かく,核,核心、核,かく,角
かく,格,格式、等级、资格,かく,核
かく,佳句,佳句、好句,かく,句
かく,画,画、图画,かく,格
かくさ,格差,差距、差别,かく,格
かくさん,拡散,扩散、散开,かくしゅう,拡充
かくしゅ,各種,各种,かくさん,各巻
かくしゅう,隔週,隔周、每两周,かくしん,革新
かくしん,確信,确信、坚信,かくしん,革新
かくしん,革新,革新、改革,かくしん,確信
かくてい,確定,确定,かてい,仮定
かくとく,獲得,获得,かとく,格得
かくほ,確保,确保、保证,かく,格
かくめい,革命,革命,かくしん,革新
かくりつ,確立,确立,かくりつ,確率
かけ,賭け,赌注、赌博,かけ,掛け
かけ,掛け,挂、悬挂,かけ,賭け
かけあし,駆け足,快跑、跑步,かけい,家計
かけい,家計,家庭生计、家庭收支,かけあし,駆け足
かけっこ,駆けっこ,赛跑,かける,駆ける
かける,駆ける,跑、奔走,かける,賭ける
かける,賭ける,赌、打赌,かける,駆ける
かげつ,ヶ月,个月,かつ,且つ
かこう,加工,加工,かこう,下降
かごう,化合,化合,かこう,加工
かさばる,嵩張る,体积庞大、占地大,かさむ,嵩む
かさむ,嵩む,体积增加、费用增加,かさばる,嵩張る
かざぐるま,風車,风车,かざり,飾り
かしこまりました,畏まりました,明白了、遵命,ありがとうございます,有難う御座います
かしゃ,華奢,苗条、纤细,かしら,頭
かしょ,箇所,处所、地点,かしょ,個所
かしょう,火傷,烧伤,かしょう,渇症
かじょうがき,箇条書き,分条列出、条目,かじょう,過剰
かじる,噛る,咬一点、啃,かじる,搔る
かすか,微か,微弱、隐约,すこし,少し
かすむ,霞む,变得模糊、朦胧,かすむ,掠む
かする,化する,化为、转化为,かする,擦る
かする,擦る,蹭、擦,かする,化する
かせい,火星,火星,かせい,仮性
かせき,化石,化石,かせき,火石
かせん,河川,河川、河流,かせん,化繊
かせん,化繊,化学纤维,かせん,河川
かそ,過疎,人口过稀,かそ,過少
かた,過多,过多,かた,型
かたい,難い,难、难以,かたい,硬い
かたおもい,片思い,单相思,かたおもい,片思い
かたき,敵,仇敌,かたき,片手
かたぎ,気質,气质、性情,かたぎ,気性
かたこと,片言,片言只语、蹩脚的外语,かた,片
かたづけ,片付け,收拾、整理,かたづける,片付ける
かたぶく,傾く,倾斜、衰落,かたむける,傾ける
かたむける,傾ける,使倾斜、倾向,かたぶく,傾く
かためる,固める,加固、巩固,かたまる,固まる
かたよる,偏る,偏颇、偏向,かたよる,偏する
かたわら,傍ら,旁边、同时,かたがわ,片側
かだい,課題,课题、任务,かだい,仮題
かだん,花壇,花坛,かだん,歌壇
かちく,家畜,家畜,かちく,畜力
かっき,画期,划时代,かき,書き
かっぱつ,活発,活泼、活跃,かっぱつ,活気
かつ,且つ,且、并且,かつ,勝つ
かつ,割,比例、折扣,かつ,且つ
かつて,嘗て,曾经、以前,かつて,勝手
かづけ,日付,日期,かづけ,荷付け
かど,門,大门、门户,かど,角
かなう,叶う,实现、如愿,かなう,適う
かなえる,叶える,使实现,かなう,叶う
かなづち,金槌,铁锤、旱鸭子,かな,金
かなぼう,鉄棒,铁棒,かなづち,金槌
かなり,可成,相当、颇,かなり,可なり
かにゅう,加入,加入,かにゅう,過入
かねぐら,金庫,保险柜,かね,金
かねごと,予言,预言,かねて,兼ねて
かねて,兼ねて,以前、老早,かねごと,予言
かばん,下番,下番,かばん,鞄
かひん,下品,下流、不雅,かひん,過品
かび,華美,华丽、奢华,かび,黴
かふん,花粉,花粉,かふん,過分
かぶしき,株式,股份、股票,かぶき,歌舞伎
かぶれる,気触れる,对...着迷、皮炎,かぶれる,皮膚
かへい,貨幣,货币,かへい,過平
かまえ,構え,姿态、架势,かまえる,構える
かまえる,構える,摆出姿态、构筑,かまえ,構え
かみ,加味,加味、调和,かみ,紙
かみきる,噛み切る,咬断,かむ,噛む
かみつ,過密,过密、密集,かみつ,噛みつく
かめ,瓶,瓶子,かめ,亀
かもしれない,かも知れない,也许、可能,かもしれません,かも知れません
かゆ,粥,粥,かゆ,痒
かゆい,痒い,痒,かゆい,痛い
からかう,揶揄う,嘲弄、戏弄,からかう,皮肉
からだ,身体,身体,からだ,体
からだつき,体付き,体格、身段,からだ,身体
からむ,絡む,缠绕、牵连,からまる,絡まる
かり,借り,借入、借款,かり,仮
かり,下吏,下级官吏,かり,借り
かるた,加留多,纸牌,かるい,軽い
かれる,涸れる,干涸、枯竭,かれる,枯れる
かろう,過労,过劳、劳累,かろう,過労
かろうじて,辛うじて,勉强、好不容易,かろう,過労
かわ,側,旁边、一侧," ""かわ"""," ""川/河"""
かわいい,可愛い,可爱的," ""かわいそう"""," ""可怜的"""
かわいがる,可愛がる,宠爱、喜爱," ""かわいらしい"""," ""可爱的"""
かわいそう,可哀想,可怜," ""かわいい"""," ""可爱的"""
かわいらしい,可愛らしい,可爱、讨人喜欢," ""かわいい"""," ""可爱的"""
かわす,交わす,交换、互相," ""かわす"""," ""躲避/避开"""
かわる,代わる,替换、代替," ""かわる"""," ""改变（がわる","変わる）"""
かわるがわる,代わる代わる,轮流、交替," ""かわるがわる"""," ""替わる替わる"""
かん,乾,干、干燥," ""かん"""," ""函/函件（ふみ","便り）"""
かん,管,管、管道," ""かん"""," ""官（官吏）"""
かん,幹,树干、主要部分," ""かん"""," ""感（感动）"""
かん,冠,冠、皇冠," ""かん"""," ""慣（习惯）"""
かん,観,观、看法," ""かん"""," ""館（博物馆）"""
かん,館,馆、建筑物," ""かん"""," ""観（观点）"""
かんい,簡易,简易、简单," ""かんい"""," ""寛大（宽容）"""
かんがい,感慨,感慨," ""かんがい"""," ""灌漑（灌溉）"""
かんき,寒気,寒冷、寒意," ""かんき"""," ""歓喜（欢喜）"""
かんけつ,簡潔,简洁," ""かんけつ"""," ""完結（完结）"""
かんげん,還元,还原," ""かんげん"""," ""感言（感言）"""
かんこう,刊行,刊行、出版," ""かんこう"""," ""慣行（惯例）"""
かんこう,慣行,惯例、常规," ""かんこう"""," ""刊行（出版）"""
かんこく,勧告,劝告、建议," ""かんこく"""," ""感覚（感觉）"""
かんご,看護,看护、护理," ""かんご"""," ""漢語（汉语）"""
かんご,漢語,汉语," ""かんご"""," ""看護（护理）"""
かんさん,換算,换算," ""かんさん"""," ""換算（同音词）"""
かんし,監視,监视," ""かんし"""," ""漢詩（汉诗）"""
かんしゅう,慣習,习惯、惯例," ""かんしゅう"""," ""観衆（观众）"""
かんしゅう,観衆,观众," ""かんしゅう"""," ""慣習（习惯）"""
かんしょう,干渉,干涉、干预," ""かんしょう"""," ""鑑賞（欣赏）"""
かんしょく,感触,触感、感觉," ""かんしょく"""," ""願色（神色）"""
かんじん,肝心,关键、重要," ""かんじん"""," ""感心（佩服）"""
かんせい,歓声,欢声、喝彩," ""かんせい"""," ""完成（完成）"""
かんせん,感染,感染," ""かんせん"""," ""幹線（干线）"""
かんせん,幹線,干线," ""かんせん"""," ""感染（感染）"""
かんぜい,関税,关税," ""かんぜい"""," ""完全（完全）"""
かんそ,簡素,简朴、朴素," ""かんそ"""," ""完疎（完美无缺）"""
かんてん,観点,观点," ""かんてん"""," ""完全点（完全点）"""
かんど,感度,灵敏度," ""かんど"""," ""館道（路）"""
かんぶ,幹部,干部、骨干," ""かんぶ"""," ""感部（感受部）"""
かんべん,勘弁,原谅、饶恕," ""かんべん"""," ""完変（完全变化）"""
かんぺき,完璧,完美," ""かんぺき"""," ""完壁（完整的墙壁）"""
かんむりょう,感無量,无限感慨," ""かんむりょう"""," ""冠齢（冠的年龄）"""
かんゆう,勧誘,劝诱、邀请," ""かんゆう"""," ""貫友（挚友）"""
かんよ,関与,参与、干预," ""かんよ"""," ""寒夜（寒冷的夜晚）"""
かんよう,慣用,惯用、常用," ""かんよう"""," ""寛容（宽容）"""
かんよう,寛容,宽容," ""かんよう"""," ""慣用（惯用）"""
かんらん,観覧,观看、游览," ""かんらん"""," ""官覧（官员阅览）"""
かんりょう,官僚,官僚," ""かんりょう"""," ""完了（完了）"""
かんれい,慣例,惯例," ""かんれい"""," ""寒冷（寒冷）"""
かんれき,還暦,花甲、六十岁," ""かんれき"""," ""寒暦（寒冷的日历）"""
かんろく,貫禄,威严、风范," ""かんろく"""," ""完全六（完全六）"""
かんわ,緩和,缓和、缓解," ""かんわ"""," ""寒話（寒冷的话）"""
がい,蓋,盖、盖子," ""がい"""," ""外（外面）"""
がい,街,街道、街," ""がい"""," ""蓋（盖子）"""
がいか,外貨,外汇," ""がいか"""," ""害果（恶果）"""
がいかん,外観,外观、外表," ""がいかん"""," ""概観（概况）"""
がいしょう,外相,外相、外交部长," ""がいしょう"""," ""外傷（外伤）"""
がいする,害する,损害、伤害," ""がいする"""," ""外する（对外）"""
がいせつ,概説,概说、概略," ""がいせつ"""," ""外設（外部设备）"""
がいとう,該当,符合、相当," ""がいとう"""," ""街頭（街头）"""
がいとう,街頭,街头," ""がいとう"""," ""該当（符合）"""
がいねん,概念,概念," ""がいねん"""," ""概念（同音词）"""
がいらい,外来,外来、外来语," ""がいらい"""," ""概来（大概来）"""
がいりゃく,概略,概略," ""がいりゃく"""," ""外来（外来）"""
がくげい,学芸,学艺、艺术," ""がくげい"""," ""学芸（同音词）"""
がくし,学士,学士," ""がくし"""," ""覚悟（觉悟）"""
がくせつ,学説,学说," ""がくせつ"""," ""楽説（快乐的说法）"""
がくふ,楽譜,乐谱," ""がくふ"""," ""学部（学院）"""
がくれき,学歴,学历," ""がくれき"""," ""学力（学习能力）"""
がけ,崖,悬崖," ""がけ"""," ""影（影子）"""
がち,雅致,雅致," ""がち"""," ""勝ち（胜利）"""
がっくり,颓丧、失望," ""がっくり"""," ""がっくり（同音词）"""
がっしょう,合唱,合唱," ""がっしょう"""," ""合掌（合掌）"""
がっしり,结实、牢固," ""がっしり"""," ""がっしり（同音词）"""
がっち,合致,一致、符合," ""がっち"""," ""ガッチリ（紧紧地）"""
がっちり,坚固、牢固," ""がっちり"""," ""がっち（合致）"""
がっぴ,月日,岁月、时间," ""がっぴ"""," ""合併（合并）"""
がっぺい,合併,合并," ""がっぺい"""," ""月日（岁月）"""
がる,（接尾词）表示觉得、感到," ""がる"""," ""がる（同音词）"""
がわ,側,旁边、侧," ""がわ"""," ""川（河流）"""
がん,癌,癌症," ""がん"""," ""頑（顽固）"""
がんか,眼科,眼科," ""がんか"""," ""眼花（眼花）"""
がんきゅう,眼球,眼球," ""がんきゅう"""," ""頑球（顽固的球）"""
がんきょう,眼鏡,眼镜," ""がんきょう"""," ""眼境（眼界的境地）"""
がんこ,頑固,顽固," ""がんこ"""," ""眼后（眼后）"""
がんしょ,願書,申请书," ""がんしょ"""," ""願所（愿望的地方）"""
がんじょう,頑丈,结实、健壮," ""がんじょう"""," ""領状（領收据）"""
がんせき,岩石,岩石," ""がんせき"""," ""癌石（癌结石）"""
がんねん,元年,元年," ""がんねん"""," ""願年（愿望的年份）"""
がんぶつ,贋物,赝品、假货," ""がんぶつ"""," ""岩石（岩石）"""
がんらい,元来,原来、本来," ""がんらい"""," ""頑来（顽固地来）"""
き,生,生、生字," ""き"""," ""気（气）"""
き,期,期间、期限," ""き"""," ""季（季节）"""
きかく,企画,规划、策划," ""きかく"""," ""規格（規格）"""
きかく,規格,規格," ""きかく"""," ""企画（规划）"""
きかざる,着飾る,盛装打扮," ""きかざる"""," ""飾る（装饰）"""
きかん,器官,器官," ""きかん"""," ""季刊（季刊）"""
きかん,季刊,季刊," ""きかん"""," ""器官（器官）"""
きがい,危害,危害," ""きがい"""," ""気概（气概）"""
きがね,気兼ね,顾虑、拘谨," ""きがね"""," ""気兼ね（同音词）"""
きがる,気軽,轻松、随意," ""きかい"""," ""奇怪"""
きき,危機,危机," ""きき"""," ""期間"""
ききとり,聞き取り,听力、听懂," ""きき"""," ""危機"""
ききめ,効き目,效果、功效," ""きじ"""," ""記事"""
ききょう,帰京,回京城," ""ききょう"""," ""危機（注意读音不同）"""
ききん,基金,基金," ""ききん"""," ""飢饉（饥荒）"""
きけん,棄権,弃权," ""きけん"""," ""危険"""
きげき,喜劇,喜剧," ""きげき"""," ""義挙"""
きげん,起源,起源," ""きげん"""," ""機嫌"""
きこう,機構,机构," ""きこう"""," ""気候"""
きこん,既婚,已婚," ""きこん"""," ""気根"""
きさい,記載,记载," ""きさい"""," ""気妻"""
きざ,気障,装模作样、做作," ""きざ"""," ""機械（读音相近）"""
きざし,兆し,兆头、征兆," ""きざ"""," ""気障"""
きざし,兆,兆头," ""きざし"""," ""兆し（同义词）"""
きしむ,軋む,嘎吱作响," ""きじむ"""," ""きしゅう"""
きしょう,気象,气象," ""きしょう"""," ""起床"""
きじつ,期日,期限," ""きじ"""," ""記事"""
きじゅつ,記述,记述," ""きじゅつ"""," ""技術"""
きすう,奇数,奇数," ""きすう"""," ""貴重"""
きずく,築く,筑造、建立," ""きずく"""," ""傷つく"""
きずつく,傷付く,受伤," ""きずく"""," ""築く"""
きせい,規制,规制," ""きせい"""," ""帰省"""
きせん,汽船,轮船," ""きせん"""," ""季節"""
きそう,寄贈,捐赠," ""きそう"""," ""競争"""
きぞく,貴族,贵族," ""きぞく"""," ""帰属"""
きたえる,鍛える,锻炼、锤炼," ""きたえる"""," ""来る"""
きたる,来る,未来的、下一位," ""きたえる"""," ""鍛える"""
きだて,気立て,性情、气质," ""きだて"""," ""立て"""
きちっと,恰好、整齐地," ""きちっと"""," ""きっちり"""
きちょうめん,几帳面,一丝不苟、认真," ""きちょう"""," ""機長"""
きっかけ,切っ掛け,契机、开端," ""きっかけ"""," ""きっき"""
きっかり,恰好、正好," ""きっかり"""," ""きっちり"""
きっさ,喫茶,喝茶," ""きっさ"""," ""急遽"""
きっちり,紧紧地、牢固地," ""きっちり"""," ""きっかり"""
きっと,屹度,一定、肯定," ""きっと"""," ""きとく"""
きっぱり,断然、干脆," ""きっぱり"""," ""きはり"""
きてい,規定,规定," ""きてい"""," ""基底"""
きてん,起点,起点," ""きてん"""," ""機転"""
きどう,軌道,轨道、运行轨迹," ""きどう"""," ""気動"""
きのえ,甲,甲（干支之首）," ""きのえ"""," ""木"""
きはい,気配,气氛、迹象、样貌," ""きはい"""," ""機械"""
きはん,規範,规范," ""きはん"""," ""気配"""
きひん,気品,气质、高雅," ""きひん"""," ""機敏"""
きふう,気風,风格、风气," ""きふう"""," ""気風（同音词）"""
きふく,起伏,起伏、波折," ""きふく"""," ""起伏（同音词）"""
きぼ,規模,规模," ""きぼ"""," ""気配"""
きまぐれ,気まぐれ,反复无常、随性," ""きまぐれ"""," ""気まぐれ（同音词）"""
きまじめ,生真面目,十分认真、一本正经," ""きまじめ"""," ""生真面目（同音词）"""
きまつ,期末,期末," ""きまつ"""," ""期未"""
きまりわるい,決まり悪い,尴尬、难为情," ""きまり"""," ""決まり"""
きまる,決まる,决定," ""きまる"""," ""決まる（同音词）"""
きめい,記名,签名," ""きめい"""," ""記述"""
きゃくしょく,脚色,改编、润色," ""きゃくしょく"""," ""客席"""
きゃくほん,脚本,剧本," ""きゃくほん"""," ""客本"""
きゃっかん,客観,客观," ""きゃっかん"""," ""客間"""
きやく,規約,规则、公约," ""きやく"""," ""客約"""
きゅうえん,救援,救援," ""きゅうえん"""," ""休演"""
きゅうがく,休学,休学," ""きゅうがく"""," ""旧学"""
きゅうきょく,究極,终极、极致," ""きゅうきょく"""," ""休局"""
きゅうくつ,窮屈,狭窄、受拘束," ""きゅうくつ"""," ""急屈"""
きゅうこん,球根,球根," ""きゅうこん"""," ""求婚"""
きゅうさい,救済,救济、拯救," ""きゅうさい"""," ""休載"""
きゅうしょく,給食,供餐、学校食堂," ""きゅうしょく"""," ""急速"""
きゅうじ,給仕,侍者、服务," ""きゅうじ"""," ""休止"""
きゅうせん,休戦,休战," ""きゅうせん"""," ""急戦"""
きゅうち,旧知,老朋友、旧相识," ""きゅうち"""," ""宮内"""
きゅうでん,宮殿,宫殿," ""きゅうでん"""," ""宮殿（同音词）"""
きゅうぼう,窮乏,贫困," ""きゅうぼう"""," ""凶暴"""
きゅうりょう,丘陵,丘陵," ""きゅうりょう"""," ""給料"""
きょう,共,共同," ""きょう"""," ""今日"""
きょう,供,供奉、供养," ""きょう"""," ""供（共同）"""
きょうい,驚異,惊异、惊人," ""きょうい"""," ""強意"""
きょういん,教員,教员、教师," ""きょういん"""," ""強引"""
きょうか,教科,教科," ""きょうか"""," ""硬化"""
きょうかい,協会,协会," ""きょうかい"""," ""境界"""
きょうかん,共感,共鸣、同感," ""きょうかん"""," ""教観"""
きょうがく,共学,男女共学," ""きょうがく"""," ""休学"""
きょうぎ,協議,协商," ""きょうぎ"""," ""競技"""
きょうくん,教訓,教训," ""きょうくん"""," ""強君"""
きょうぐう,境遇,境遇、环境," ""きょうぐう"""," ""強求"""
きょうこう,強行,强行、强力推进," ""きょうこう"""," ""強硬"""
きょうこう,強硬,强硬、顽固," ""きょうこう"""," ""強行"""
きょうさく,凶作,歉收," ""きょうさく"""," ""协作"""
きょうさん,共産,共产," ""きょうさん"""," ""強酸"""
きょうざい,教材,教材," ""きょうざい"""," ""凶材"""
きょうしゅう,教習,培训、教习," ""きょうしゅう"""," ""郷愁"""
きょうしゅう,郷愁,乡愁," ""きょうしゅう"""," ""教習"""
きょうしょく,教職,教职," ""きょうしょく"""," ""強食"""
きょうじゅ,享受,享受," ""きょうじゅ"""," ""教授"""
きょうじる,興じる,感兴趣、兴致勃勃," ""きょうじる"""," ""興じる（同音词）"""
きょうせい,強制,强制、强迫," ""きょうせい"""," ""共生"""
きょうそん,共存,共存," ""きょうそん"""," ""共損"""
きょうだい,姉妹,姐妹," ""きょうだい"""," ""兄弟"""
きょうちょう,協調,协调," ""きょうちょう"""," ""強調"""
きょうてい,協定,协定," ""きょうてい"""," ""強敵"""
きょうはく,脅迫,威胁、恐吓," ""きょうはく"""," ""共白"""
きょうめい,共鳴,共鸣," ""きょうめい"""," ""共鳴（同音词）"""
きょうり,郷里,故乡、老家," ""きょうり"""," ""郷里（同音词）"""
きょうれつ,強烈,强烈," ""きょうれつ"""," ""行列"""
きょうわ,共和,共和、共和制," ""きょういく"""," ""教育"""
きょく,曲,曲子、歌曲," ""きょく"""," ""局（棋盘上的位置）"""
きょくげん,局限,局限、局限在," ""きょくげん"""," ""極限"""
きょくたん,極端,极端、非常," ""きょくたん"""," ""極端（同音词）"""
きょじゅう,居住,居住、居住地," ""きょじゅう"""," ""巨獣"""
きょぜつ,拒絶,拒绝、断绝," ""きょぜつ"""," ""許接"""
きょひ,拒否,拒绝、否决," ""きょひ"""," ""許否"""
きょよう,許容,允许、容忍," ""きょうよう"""," ""興用"""
きょり,距離,距离," ""きょり"""," ""寄り"""
きよ,寄与,贡献、有助于," ""きよ"""," ""清"""
きよらか,清らか,清澈、纯洁," ""きよらか"""," ""清らか（同音词）"""
きらく,気楽,轻松、无忧无虑," ""きらく"""," ""企楽"""
きらびやか,煌びやか,灿烂、华丽," ""きらびやか"""," ""煌びやか（同音词）"""
きり,切り,切、断开," ""きり"""," ""霧"""
きり,桐,桐树、泡桐," ""きり"""," ""切り"""
きりかえる,切り替える,切换、转换," ""きりかわる"""," ""切り変わる"""
きりゅう,気流,气流," ""きりゅう"""," ""急流"""
きれい,奇麗,美丽、漂亮," ""きれい"""," ""綺麗（同音词）"""
きれめ,切れ目,裂缝、缺口," ""きれめ"""," ""切れ目（同音词）"""
きわ,際,边缘、边界," ""きわ"""," ""際（同音词）"""
きわた,木綿,棉花、棉布," ""きわた"""," ""綿"""
きわめて,極めて,非常、极其," ""きわめて"""," ""極めて（同音词）"""
きん,僅,仅仅、只有," ""きん"""," ""金"""
きんがん,近眼,近视," ""きんがん"""," ""金眼"""
きんきゅう,緊急,紧急," ""きんきゅう"""," ""金球"""
きんきん,近々,不久、近期," ""きんきん"""," ""近々（同音词）"""
きんこう,近郊,近郊、郊区," ""きんこう"""," ""均衡"""
きんこう,均衡,均衡、平衡," ""きんこう"""," ""近郊"""
きんし,近視,近视," ""きんし"""," ""禁止"""
きんじる,禁じる,禁止、不准," ""きんじる"""," ""近じる"""
きんずる,禁ずる,禁止," ""きんずる"""," ""禁じる"""
きんべん,勤勉,勤奋、勤勉," ""きんべん"""," ""勤勉（同音词）"""
きんむ,勤務,勤务、工作," ""きんむ"""," ""禁務"""
きんもつ,禁物,禁忌、严禁的事物," ""きんもつ"""," ""禁物（同音词）"""
きんろう,勤労,勤劳、劳动," ""きんろう"""," ""金ろう"""
ぎあん,議案,议案、提案," ""ぎあん"""," ""義眼"""
ぎきょく,戯曲,戏剧、剧本," ""ぎきょく"""," ""戯曲（同音词）"""
ぎけつ,議決,议决、表决通过," ""ぎけつ"""," ""決結"""
ぎじどう,議事堂,议事堂," ""ぎじどう"""," ""技導"""
ぎせい,犠牲,牺牲," ""ぎせい"""," ""義性"""
ぎぞう,偽造,伪造、假造," ""ぎぞう"""," ""義像"""
ぎだい,議題,议题、讨论题目," ""ぎだい"""," ""義大"""
ぎのう,技能,技能、本领," ""ぎのう"""," ""義能"""
ぎゃくてん,逆転,逆转、反转," ""ぎゃくてん"""," ""逆転（同音词）"""
ぎょう,行,行、行动," ""ぎょう"""," ""業"""
ぎょうしゃ,業者,从业者、商贩," ""ぎょうしゃ"""," ""行者"""
ぎょうせい,行政,行政," ""ぎょうせい"""," ""競生"""
ぎょうせき,業績,业绩、成绩," ""ぎょうせき"""," ""形成"""
ぎょうむ,業務,业务," ""ぎょうむ"""," ""義務"""
ぎょく,玉,玉石、宝石," ""ぎょく"""," ""玉（同音词）"""
ぎょせん,漁船,渔船," ""ぎょせん"""," ""御宣"""
ぎょそん,漁村,渔村," ""ぎょそん"""," ""御存"""
ぎり,義理,情理、人情、义理," ""ぎり"""," ""切り"""
ぎわく,疑惑,疑惑、怀疑," ""ぎわく"""," ""疑惑（同音词）"""
ぎんみ,吟味,吟味、仔细思考," ""ぎんみ"""," ""銀美"""
く,区,区域、区," ""く"""," ""九"""
くいちがう,食い違う,不一致、有分歧," ""くいちがい"""," ""食い違い"""
くうふく,空腹,空腹、饥饿," ""くうふく"""," ""空腹（同音词）"""
くかく,区画,区划、区域划分," ""くかく"""," ""区格"""
くかん,区間,区间、区间段," ""くかん"""," ""苦関"""
くき,茎,茎、梗," ""くき"""," ""茎（同音词）"""
くぎり,区切り,段落、分界," ""くぎり"""," ""区切（同音词）"""
くぐる,潜る,潜入、钻过," ""くぐる"""," ""潜る（同音词）"""
くさぐさ,種々,种种、各种," ""くさぐさ"""," ""種々（同音词）"""
くしゃみ,嚏,喷嚏," ""くしゃみ"""," ""嚏（同音词）"""
くじ,旧事,旧事、往事," ""くじ"""," ""鰍"""
くじびき,籤引,抽签," ""くじびき"""," ""籤引き"""
くすぐったい,擽ぐったい,痒、发痒," ""くすぐったい"""," ""くすぐる"""
くたびれる,草臥れる,疲惫、累," ""くたびれる"""," ""草臥れる（同音词）"""
くだらない,下らない,无聊、无意义," ""くだらない"""," ""下る"""
くだん,件,那件事、某件事," ""くだん"""," ""件（同音词）"""
くちずさむ,口ずさむ,哼唱," ""くちずさむ"""," ""口ずさみ"""
くちばし,嘴,嘴、喙," ""くちばし"""," ""嘴（同音词）"""
くちる,朽ちる,腐烂、腐朽," ""くちる"""," ""朽ちる（同音词）"""
くっきり,清晰、分明," ""くっきり"""," ""くっきり（同音词）"""
くっせつ,屈折,曲折、折射," ""くっせつ"""," ""屈折（同音词）"""
くっつく,くっ付く,粘在一起、紧挨着," ""くっつく"""," ""くっ付く（同音词）"""
くっつける,くっ付ける,粘上、贴上," ""くっつける"""," ""くっ付ける（同音词）"""
くつがえす,覆す,推翻、颠覆," ""くつがえす"""," ""覆す（同音词）"""
くどい,諄い,啰嗦、唠叨," ""くどい"""," ""口い"""
くにざかい,国境,国境," ""くにざかい"""," ""国境（同音词）"""
くびかざり,首飾り,项链、颈饰," ""くびかざり"""," ""首飾り（同音词）"""
くびわ,首輪,项圈," ""くびわ"""," ""首輪（同音词）"""
くみあわせ,組み合わせ,组合、搭配," ""くみあわせ"""," ""組み合わせ（同音词）"""
くみあわせる,組み合わせる,组合、搭配," ""くみあわせる"""," ""組み合わせる（同音词）"""
くみこむ,組み込む,编入、加入," ""くみこむ"""," ""組み込む（同音词）"""
くら,蔵,仓库、库房," ""くら"""," ""倉"""
くるしめる,苦しめる,使痛苦、折磨," ""くるしめる"""," ""苦しめる（同音词）"""
くるむ,包む,包裹、包," ""くるむ"""," ""包む（同音词）"""
くれぐれも,呉れ呉れも,千万、恳切地," ""くれぐれも"""," ""呉れ呉れも（同音词）"""
くれる,呉れる,给（我）," ""くれる"""," ""呉れる（同音词）"""
くろうと,玄人,内行、专家," ""くろうと"""," ""玄人（同音词）"""
くろじ,黒字,盈利、顺差," ""くろじ"""," ""黒字（同音词）"""
くんしゅ,君主,君主," ""くんしゅ"""," ""君主（同音词）"""
ぐち,愚痴,牢骚、抱怨," ""ぐち"""," ""愚痴（同音词）"""
ぐっと,用力、一口气," ""ぐっと"""," ""ぐっと（同音词）"""
ぐらい,左右、大约," ""ぐらい"""," ""くらい"""
ぐん,群,群、人群," ""ぐん"""," ""群（同音词）"""
ぐんかん,軍艦,军舰," ""ぐんかん"""," ""軍艦（同音词）"""
ぐんしゅう,群集,人群、聚集," ""ぐんしゅう"""," ""群集（同音词）"""
ぐんじ,軍事,军事,ぐんしゅう,群集
ぐんび,軍備,军备,ぐんぶく,軍服
ぐんぷく,軍服,军服,ぐんび,軍備
けい,刑,刑罚,けい,頃
けい,頃,时候、左右,けい,刑
けい,傾,倾斜,けいしゃ,傾斜
けい,系,系统、系列,けい,系
けいか,経過,经过,けいか,警察
けいかい,軽快,轻快、轻便,けいかい,警戒
けいかい,警戒,警戒,けいかい,軽快
けいき,計器,仪器、仪表,けいき,契機
けいき,契機,契机,けいき,計器
けいぐ,敬具,敬具,けいご,敬語
けいげん,軽減,减轻,けいげん,軽快
けいさい,掲載,刊载,けいさい,経済
けいしゃ,傾斜,倾斜,けいしゃ,傾斜
けいせい,形成,形成,けいせい,形勢
けいせい,形勢,形势,けいせい,形成
けいそつ,軽率,轻率,けいそく,結束
けいたい,携帯,手机、携带,けいたい,形態
けいたい,形態,形态,けいたい,携帯
けいばつ,刑罰,刑罚,けいはつ,契発
けいひ,経費,经费,けいひ,敬意
けいぶ,警部,警部,けいぶ,警部
けいべつ,軽蔑,轻蔑,けいべつ,軽減
けいれき,経歴,经历,けいれき,計歴
けいろ,経路,经路、路径,けいろ,鯉
けがす,汚す,弄脏,けがる,怪我
けがらわしい,汚らわしい,肮脏、令人厌恶,けがれる,汚れる
けがれ,汚れ,污垢,けがす,汚す
けがれる,汚れる,弄脏,けがらわしい,汚らわしい
けだもの,獣,野兽,けもの,獣
けち,吝嗇,吝啬,けち,気
けっかく,結核,结核,けっかく,傑作
けっかん,血管,血管,けっかん,欠陥
けっこう,決行,决行,けっこう,結構
けっさん,決算,决算,けっさん,結算
けっしょう,決勝,决赛,けっしょう,結晶
けっしょう,結晶,结晶,けっしょう,決勝
けっせい,結成,结成,けっせい,結成
けっそく,結束,团结,けっそく,結束
けつ,傑,杰出,けつ,結
けつい,決意,决意,けつい,結衣
けつぎ,決議,决议,けつぎ,結木
けつごう,結合,结合,けつごう,結構
けつだん,決断,决断,けつだん,結団
けつぼう,欠乏,缺乏,けつぼう,結棒
けとばす,蹴飛ばす,踢飞,けとばす,蹴る
けなす,貶す,贬低,けなす,嫌う
けむたい,煙たい,烟雾缭绕的、令人窒息的,けむる,煙る
けむる,煙る,冒烟,けむたい,煙たい
けらい,家来,家臣,けらい,怪例
けれど,但是、可是,けれど,けれども
けん,圏,圈、范围,けん,権
けん,権,权力,けん,圏
けんい,権威,权威,けんい,検位
けんぎょう,兼業,兼营,けんぎょう,検業
けんげん,権限,权限,けんげん,原典
けんざい,健在,健在,けんざい,検材
けんしょう,懸賞,悬赏,けんしょう,検証
けんじ,検事,检察官,けんじ,検事
けんぜん,健全,健全,けんぜん,現実
けんち,見地,观点,けんち,県知事
けんめい,賢明,贤明,けんめい,懸命
けんやく,倹約,节俭,けんやく,検約
けんよう,兼用,兼用,けんよう,検用
けんりょく,権力,权力,けんりょく,検力
げきだん,劇団,剧团,げきだん,激團
げきれい,激励,激励,げきれい,劇例
げっしゃ,月謝,月费,げっしゃ,月社
げっそり,げっそり,消瘦,げっそり,月そり
げっぷ,月賦,分期付款,げっぷ,月歩
げり,下痢,腹泻,げり,下利
げん,原,原,げん,元
げんけい,原形,原形,げんけい,現形
げんこう,現行,现行,げんこう,原稿
げんさく,原作,原作,げんさく,現作
げんし,原子,原子,げんし,元子
げんしゅ,元首,元首,げんしゅ,原首
げんしょ,原書,原书,げんしょ,現書
げんしょう,減少,减少,げんしょう,現象
げんじょう,現場,现场,げんじょう,現状
げんそ,元素,元素,げんそ,原素
げんそく,原則,原则,げんそく,現則
げんぞう,現像,冲洗,げんぞう,原像
げんち,現地,当地,げんち,原地
げんてい,限定,限定,げんてい,現定
げんてん,原点,原点,げんてん,現点
げんてん,原典,原典,げんてん,現典
げんてん,減点,减分,げんてん,現点
げんばく,原爆,原子弹,げんばく,現爆
げんぶん,原文,原文,げんぶん,現文
げんみつ,厳密,严密,げんみつ,現密
げんゆ,原油,原油,げんゆ,現油
げんろん,言論,言论,げんろん,現論
こ,故,故,こ,個
こ,戸,户,こ,個
こ,児,儿童,こ,子
こ,巨,巨大,こ,個
こいする,恋する,戀愛,愛する,愛
こう,溝,溝,側溝,排水溝
こう,校,學校,稿,稿件
こうい,好意,好意,行為,行為
こうい,行為,行為,好意,好意
こういん,行員,銀行職員,公務員,公務員
こうえき,交易,交易,貿易,貿易
こうえん,公演,公演,講演,演講
こうかい,後悔,後悔,公開,公開
こうかい,公開,公開,後悔,後悔
こうかい,航海,航海,後悔,後悔
こうがく,工学,工學,光学,光學
こうきょ,皇居,皇居,皇宮,皇宮
こうきょう,好況,繁榮,不況,不景氣
こうぎ,抗議,抗議,講義,授課
こうぎょう,鉱業,礦業,工業,工業
こうぎょう,興業,興辦事業,工業,工業
こうげん,高原,高原,高見,高見
こうこうと,煌々と,煌煌,高校と,和高中
こうこがく,考古学,考古學,古文書学,古文書學
こうご,交互,交替,相互,相互
こうさく,工作,工作,耕作,耕作
こうさく,耕作,耕作,工作,工作
こうざん,鉱山,礦山,火山,火山
こうしゅう,講習,講習,研修,研修
こうしょう,交渉,談判,高尚,高尚
こうしょう,高尚,高尚,交渉,談判
こうしん,行進,遊行,更新,更新
こうしんりょう,香辛料,香料,調味料,調味料
こうじゅつ,口述,口述,記述,書面敘述
こうじょ,控除,扣除,補助,補助
こうじょう,向上,提升,工場,工廠
こうすい,降水,降水,香水,香水
こうずい,洪水,洪水,高水,高水位
こうぜん,公然,公然,公園,公園
こうそう,抗争,抗爭,構想,構想
こうそう,構想,構想,抗争,抗爭
こうそく,拘束,拘束,高速,高速
こうたい,後退,後退,交代,交替
こうたく,光沢,光澤,贅沢,奢侈
こうだん,公団,公团,こうだん,講談
こうちょう,好調,良好,こうちょう,校長
こうとう,口頭,口头,こうとう,高等
こうどく,講読,讲读,こうどく,購読
こうどく,購読,订阅,こうどく,講読
こうにゅう,購入,购入,こうにゅう,公入
こうにん,公認,公认,こうにん,後任
こうねつひ,光熱費,水电费,こうねつひ,高熱費
こうはい,荒廃,荒废,こうはい,後輩
こうばい,購買,购买,こうばい,勾配
こうひょう,好評,好评,こうひょう,公表
こうふ,交付,交付,こうふ,降伏
こうふく,降伏,投降,こうふく,幸福
こうふん,興奮,兴奋,こうふん,後分
こうぼ,公募,公开招募,こうぼ,工房
こうみょう,巧妙,巧妙,こうみょう,光明
こうよう,公用,公用,こうよう,紅葉
こうり,小売,零售,こうり,公理
こうりつ,効率,效率,こうりつ,公立
こうりつ,公立,公立,こうりつ,効率
こがら,小柄,小个子,こがら,小殻
こぎって,小切手,支票,こぎって,小切れ
こくさん,国産,国产,こくさん,国参
こくてい,国定,国定,こくてい,国程
こくど,国土,国土,こくど,国度
こくはく,告白,告白,こくはく,国白
こくぼう,国防,国防,こくぼう,国房
こくゆう,国有,国有,こくゆう,国友
こくれん,国連,联合国,こくれん,国廉
こぐ,漕ぐ,划,こぐ,焦ぐ
こげちゃ,焦げ茶,焦茶色,こげちゃ,焦げ茶
ここ,個々,各个,ここ,此処
ここ,箇箇,各个,ここ,此処
ここち,心地,心情,ここち,此処地
こころえ,心得,心得,こころえ,心絵
こころがけ,心掛け,用心,こころがけ,心欠け
こころがける,心掛ける,用心,こころがける,心欠ける
こころざし,志,志向,こころざし,心座し
こころざす,志す,立志,こころざす,心座す
こころづよい,心強い,放心,こころづよい,心弱い
こころぼそい,心細い,不安,こころぼそい,心太い
こころみ,試み,尝试,こころみ,心見
こころみる,試みる,尝试,こころみる,心見る
こころよい,快い,愉快,こころよい,心良い
こごらす,凝らす,凝聚,こごらす,焦がらす
こごる,凝る,凝固,こごる,焦る
こしらえる,拵える,制作,こしらえる,腰らえる
こじ,孤児,孤儿,こじ,小路
こじれる,拗れる,复杂化,こじれる,小じれる
こじん,故人,故人,こじん,個人
こずえ,梢,树梢,こずえ,小枝
こせい,個性,个性,こせい,古制
こせき,戸籍,户籍,こせき,古跡
こぜに,小銭,零钱,こぜに,小銭
こたい,固体,固体,こたい,個体
こたえ,答え,答案,こたえ,堪え
こたえる,堪える,忍受,こたえる,答える
こたつ,火燵,暖桌,こたつ,小竜
こだい,古代,古代,こだい,個代
こだわる,,拘泥,こだわる,小だわる
こちょう,誇張,夸张,こちょう,胡蝶
こっけい,滑稽,滑稽,こっけい,国計
こっこう,国交,国交,こっこう,国校
こっとうひん,骨董品,古董,こっとうひん,国当品
こつ,骨,骨头,こつ,乞
こてい,固定,固定,こてい,古庭
ことがら,事柄,事情,ことがら,言柄
ことごとく,悉く,全部,ことごとく,事毎く
ことづて,言伝,口信,ことづて,事伝
ことに,殊に,特别,ことに,事に
ことによると,事によると,也许,ことによると,言によると
こどく,孤独,孤独,こどく,古読
こなごな,粉々,粉碎,こなごな,小な小な
この,此の,这个,この,木の
このあいだ,この間,前些天,このあいだ,この愛だ
このごろ,この頃,最近,このごろ,この頃
このましい,好ましい,令人喜欢,このましい,木のましい
こべつ,個別,个别,こべつ,小別
こぼす,零す,洒落,こぼす,小ぼす
こぼれる,零れる,洒落,こぼれる,小ぼれる
こまやか,細やか,细致,こまやか,小まやか
こむ,混む,拥挤,こむ,込む
こめる,込める,倾注,こめる,米る
こもる,篭る,闷在,こもる,小もる
こゆう,固有,固有,こゆう,古友
こよう,雇用,雇用,こよう,古用
こよみ,暦,历法,こよみ,小読み
こらえる,堪える,忍耐,こらえる,小らえる
こりつ,孤立,孤立,こりつ,古立
こりる,懲りる,吸取教训,こりる,小りる
これ,此れ,这个,これ,小れ
これら,此れ等,这些,これら,小れら
こん,魂,魂,こん,根
こんき,根気,毅力,こんき,今期
こんきょ,根拠,根据,こんきょ,今居
こんけつ,混血,混血,こんけつ,今決
こんちゅう,昆虫,昆虫,こんちゅう,今中
こんてい,根底,根底,こんてい,今程
こんどう,混同,混同,こんどう,今度
こんにちは,今日は,你好,こんにちは,今日わ
こんばんは,今晩は,晚上好,こんばんは,今晩わ
こんぽん,根本,根本,こんぽん,今本
ご,御,敬语前缀,ご,五
ごい,語彙,词汇,ごい,五位
ごう,濠,护城河,ごう,号
ごう,業,护城河,ごう,号
ごう,号,护城河,ごう,号
ごうい,合意,达成一致,ごうい,豪意
ごうぎ,合議,协商,ごうぎ,豪義
ごうぎ,強気,协商,ごうぎ,豪義
ごうせい,合成,合成,ごうせい,豪勢
ごえい,護衛,护卫,ごえい,五英
ごく,語句,词句,ごく,極
ごくらく,極楽,极乐,ごくらく,語楽
ごくろうさま,ご苦労様,辛苦了,ごくろうさま,語苦労様
ごげん,語源,词源,ごげん,五元
ごさ,誤差,误差,ごさ,五差
ございます,ご座います,敬语,ございます,五座います
ごちそう,ご馳走,盛宴,ごちそう,五馳走
ごちそうさま,ご馳走さま,谢谢招待,ごちそうさま,五馳走さま
ごと,毎,每,ごと,五と
ごばん,碁盤,围棋盘,ごばん,五番
ごぶさた,ご無沙汰,久疏问候,ごぶさた,五無沙汰
ごまかす,誤魔化す,蒙混,ごまかす,胡麻化す
ごめんください,御免ください,打扰了,ごめんください,五免ください
ごめんなさい,御免なさい,对不起,ごめんなさい,五免なさい
ごらんなさい,御覧なさい,请看,ごらんなさい,五覧なさい
さ,佐,佐,さ,差
さい,再,再,さい,歳
さい,差異,再,さい,歳
さい,歳,再,さい,歳
さいかい,再会,重逢,さいかい,最会
さいがい,災害,灾害,さいがい,最害
さいきん,細菌,细菌,さいきん,最近
さいく,細工,工艺,さいく,最苦
さいくつ,採掘,开采,さいくつ,最屈
さいけつ,採決,表决,さいけつ,最決
さいけん,再建,重建,さいけん,債権
さいげん,再現,再现,さいげん,最現
さいさん,採算,盈利,さいさん,最算
さいしゅう,採集,采集,さいしゅう,最終
さいせい,再生,再生,さいせい,最生
さいぜん,最善,最好,さいぜん,再善
さいたく,採択,采纳,さいたく,最択
さいはつ,再発,复发,さいはつ,最発
さいばい,栽培,栽培,さいばい,裁判
さいぼう,細胞,细胞,さいぼう,最房
さいよう,採用,采用,さいよう,最用
さえぎる,遮る,遮挡,さえぎる,冴え切る
さえずる,囀る,啁啾,さえずる,冴えずる
さえる,冴える,清醒,さえる,栄える
さお,竿,竿,さお,佐緒
さかえる,栄える,繁荣,さかえる,冴える
さかずき,杯,酒杯,さかずき,坂好き
さかだち,逆立ち,倒立,さかだち,坂立ち
さかのぼる,逆上る,追溯,さかのぼる,坂上る
さかる,盛る,兴盛,さかる,下がる
さがく,差額,差额,さがく,佐学
さがる,下がる,下降,さがる,探る
さきおととい,一昨昨日,大前天,さきおととい,先一昨日
さきに,先に,首先,さきに,咲きに
さぎ,詐欺,诈骗,さぎ,鷺
さく,作,作,さく,策
さく,策,作,さく,策
さく,柵,作,さく,策
さくげん,削減,削减,さくげん,作減
さくご,錯誤,错误,さくご,作語
さくせん,作戦,作战,さくせん,削戦
さくぶつ,作物,农作物,さくぶつ,削物
さけび,叫び,叫喊,さけび,酒美
さける,裂ける,裂开,さける,避ける
ささげる,捧げる,奉献,ささげる,支える
さしかかる,差し掛かる,临近,さしかかる,指し掛かる
さしず,指図,指示,さしず,差し図
さしだす,差し出す,伸出,さしだす,指し出す
さしつかえる,差し支える,妨碍,さしつかえる,指し支える
さしひく,差し引く,扣除,さしひく,指し引く
さじ,些事,小事,さじ,匙
さずける,授ける,授予,さずける,支ける
さぞ,嘸,想必,さぞ,佐増
さだまる,定まる,确定,さだまる,貞まる
さだめる,定める,决定,さだめる,貞める
さっかく,錯覚,错觉,さっかく,作覚
さっきゅう,早急,紧急,さっきゅう,作急
さっする,察する,察觉,さっする,作する
さっと,,迅速地,さっと,さって
さつ,冊,册,さつ,殺
さつじん,殺人,杀人,さつじん,冊人
さて,偖,那么,さて,差手
さとる,悟る,领悟,さとる,里る
さな,真実,真实,さな,佐名
さばく,裁く,审判,さばく,砂漠
さび,錆び,锈,さび,寂び
さほど,左程,那么,さほど,佐程
さま,様,样子,さま,佐間
さみせん,三味線,三味线,さみせん,寂しせん
さむらい,侍,武士,さむらい,寒らい
さも,然も,好像,さも,佐も
さよう,作用,作用,さよう,左用
さようなら,左様なら,再见,さようなら,作用なら
さらう,拐う,绑架,さらう,皿う
さわやか,爽やか,清爽,さわやか,騒やか
さわる,障る,妨碍,さわる,触る
さん,酸,酸,さん,山
さん,,酸,さん,山
さんか,酸化,氧化,さんか,参加
さんがく,山岳,山岳,さんがく,三角
さんきゅう,産休,产假,さんきゅう,三級
さんきょう,桟橋,栈桥,さんきょう,参教
さんぎいん,参議院,参议院,さんぎいん,三議院
さんご,産後,产后,さんご,珊瑚
さんしゅつ,産出,产出,さんしゅつ,参出
さんしょう,参照,参照,さんしょう,山椒
さんじょう,参上,拜见,さんじょう,山上
さんせい,賛成,赞成,さんせい,酸性
さんび,賛美,赞美,さんび,散美
さんふじんか,産婦人科,妇产科,さんふじんか,三婦人科
さんぶつ,産物,产物,さんぶつ,散物
さんぷく,山腹,山腰,さんぷく,散服
さんみゃく,山脈,山脉,さんみゃく,三脈
ざい,財,财,ざい,在
ざいげん,財源,财源,ざいげん,在源
ざいこ,在庫,库存,ざいこ,財庫
ざいせい,財政,财政,ざいせい,在政
ざだんかい,座談会,座谈会,ざだんかい,雑談会
ざっか,雑貨,杂货,ざっか,雑化
ざつ,雑,杂,ざつ,座
ざつだん,雑談,闲谈,ざつだん,座談
ざつぼく,雑木,杂木,ざつぼく,座木
ざひょう,座標,坐标,ざひょう,雑標
ざんきん,残金,余款,ざんきん,斬金
ざんこく,残酷,残酷,ざんこく,斬酷
ざんだか,残高,余额,ざんだか,斬高
し,死,死,し,四
し,,死,し,四
し,次,死,し,四
しあがり,仕上がり,完成,しあがり,仕上り
しあげ,仕上げ,完工,しあげ,仕上
しあげる,仕上げる,完成,しあげる,仕上る
しあさって,明々後日,大后天,しあさって,仕明後日
しいく,飼育,饲养,しいく,思育
しいて,強いて,勉强,しいて,椎て
しいる,強いる,强迫,しいる,椎る
しいれる,仕入れる,进货,しいれる,強入れる
しいんと,,静悄悄,しいんと,思いんと
しか,歯科,牙科,しか,鹿
しかく,資格,资格,しかく,四角
しかく,視覚,资格,しかく,四角
しかけ,仕掛け,机关,しかけ,鹿毛
しかける,仕掛ける,设置,しかける,鹿ける
しかし,然し,但是,しかし,鹿し
しかしながら,然しながら,然而,しかしながら,鹿しながら
しかも,而も,而且,しかも,鹿も
しがい,市街,市区,しがい,死骸
しき,指揮,指挥,しき,式
しきさい,色彩,色彩,しきさい,式彩
しきじょう,式場,会场,しきじょう,敷場
しきたり,為来り,习俗,しきたり,敷たり
しきりに,頻りに,频繁地,しきりに,仕切りに
しきる,仕切る,分隔,しきる,敷く
しきん,資金,资金,しきん,式金
しぎょう,施行,实施,しぎょう,死業
しくじる,,失败,しくじる,仕組じる
しくみ,仕組み,机制,しくみ,仕組
しけい,死刑,死刑,しけい,市刑
しける,湿気る,受潮,しける,仕ける
しこう,思考,思考,しこう,施工
しこう,志向,思考,しこう,施工
しこう,嗜好,思考,しこう,施工
しさつ,視察,视察,しさつ,刺殺
しさん,資産,资产,しさん,死産
ししゅう,刺繍,刺绣,ししゅう,死習
しじ,支持,支持,しじ,指示
しじ,指示,支持,しじ,指示
しずく,雫,水滴,しずく,静く
しずめる,沈める,沉没,しずめる,静める
しせつ,施設,设施,しせつ,私設
しそく,子息,儿子,しそく,思息
したう,慕う,仰慕,したう,下う
したがって,従って,因此,したがって,下がって
したごころ,下心,私心,したごころ,下心
したしむ,親しむ,亲近,したしむ,下しむ
したしらべ,下調べ,预调查,したしらべ,下知らべ
したじ,下地,底子,したじ,下字
したためる,認める,写,したためる,下ためる
したてる,仕立てる,制作,したてる,下てる
したどり,下取り,以旧换新,したどり,下鳥
したび,下火,衰落,したび,下日
しっかく,失格,失格,しっかく,四角
しっかり,確り,牢固,しっかり,湿かり
しっそ,質素,朴素,しっそ,失素
しっちょう,失調,失调,しっちょう,湿調
しっと,嫉妬,嫉妒,しっと,湿と
しっぽ,尻尾,尾巴,しっぽ,湿ぽ
しつ,室,室,しつ,質
しつぎ,質疑,质疑,しつぎ,室議
しつけ,躾,教养,しつけ,湿け
しつける,仕付ける,调教,しつける,湿ける
してき,指摘,指出,してき,私的
してん,視点,视点,してん,私点
しなびる,萎びる,枯萎,しなびる,品びる
しなやか,嫋か,柔软,しなやか,品やか
しにょう,屎尿,粪尿,しにょう,死尿
しのぐ,凌ぐ,超越,しのぐ,忍ぐ
しはつ,始発,首班,しはつ,私発
しば,芝,草坪,しば,柴
しばしば,屡,屡次,しばしば,柴しば
しばらく,暫く,一会儿,しばらく,柴らく
しびれる,痺れる,麻痹,しびれる,渋れる
しぶい,渋い,涩,しぶい,死ぶい
しぶつ,私物,私物,しぶつ,渋物
しぶとい,,顽强,しぶとい,渋とい
しほう,司法,司法,しほう,私法
しぼう,脂肪,脂肪,しぼう,志望
しぼう,志望,脂肪,しぼう,志望
しぼむ,萎む,凋谢,しぼむ,絞む
しまい,仕舞,结束,しまい,姉妹
しまった,,糟了,しまった,島った
しまつ,始末,处理,しまつ,島津
しみじみ,泌み泌み,深深地,しみじみ,染み染み
しみる,染みる,渗透,しみる,凍みる
しめい,使命,使命,しめい,氏名
しめきり,締め切り,截止,しめきり,閉め切り
しもべ,僕,仆人,しもべ,下部
しゃこう,社交,社交,しゃこう,射撃
しゃぜつ,謝絶,谢绝,しゃぜつ,射殺
しゃたく,社宅,公司宿舍,しゃたく,射宅
しゃっくり,吃逆,打嗝,しゃっくり,射っくり
しゃべる,喋る,说话,しゃべる,射べる
しゃめん,斜面,斜坡,しゃめん,射面
しゃらく,洒落,时髦,しゃらく,射楽
しゃれる,洒落る,时髦,しゃれる,射れる
しや,視野,视野,しや,射野
しゅ,種,种,しゅ,主
しゅう,衆,众,しゅう,週
しゅう,周,众,しゅう,週
しゅうえき,収益,收益,しゅうえき,週益
しゅうがく,修学,修学,しゅうがく,就学
しゅうき,周期,周期,しゅうき,就職
しゅうぎいん,衆議院,众议院,しゅうぎいん,就議院
しゅうぎょう,就業,就业,しゅうぎょう,修行
しゅうぎょう,修行,就业,しゅうぎょう,修行
しゅうけい,集計,统计,しゅうけい,週計
しゅうげき,襲撃,袭击,しゅうげき,週撃
しゅうし,収支,收支,しゅうし,終始
しゅうし,終始,收支,しゅうし,終始
しゅうし,修士,收支,しゅうし,終始
しゅうしゅう,収集,收集,しゅうしゅう,週集
しゅうしょく,修飾,修饰,しゅうしょく,就職
しゅうじつ,終日,整天,しゅうじつ,週日
しゅうじゃく,執着,执着,しゅうじゃく,週着
しゅうよう,収容,收容,しゅうよう,週用
しゅうりょう,修了,修完,しゅうりょう,終了
しゅえい,守衛,守卫,しゅえい,主英
しゅえん,主演,主演,しゅえん,守援
しゅかん,主観,主观,しゅかん,週間
しゅくが,祝賀,祝贺,しゅくが,宿我
しゅくめい,宿命,宿命,しゅくめい,祝命
しゅけん,主権,主权,しゅけん,守権
しゅげい,手芸,手工艺,しゅげい,主芸
しゅさい,主催,主办,しゅさい,守催
しゅざい,取材,采访,しゅざい,主材
しゅし,趣旨,宗旨,しゅし,主旨
しゅしょく,主食,主食,しゅしょく,就職
しゅじんこう,主人公,主人公,しゅじんこう,守人公
しゅたい,主体,主体,しゅたい,守体
しゅだい,主題,主题,しゅだい,守題
しゅっけつ,出血,出血,しゅっけつ,出決
しゅっさん,出産,分娩,しゅっさん,出算
しゅっしゃ,出社,上班,しゅっしゃ,出射
しゅっしょう,出生,出生,しゅっしょう,出賞
しゅっせ,出世,出人头地,しゅっせ,出勢
しゅっぴ,出費,支出,しゅっぴ,出比
しゅっぴん,出品,出品,しゅっぴん,出貧
しゅつえん,出演,出演,しゅつえん,出園
しゅつだい,出題,出题,しゅつだい,出代
しゅつどう,出動,出动,しゅつどう,出道
しゅどう,主導,主导,しゅどう,守道
しゅにん,主任,主任,しゅにん,守任
しゅのう,首脳,首脑,しゅのう,主脳
しゅび,守備,守备,しゅび,主美
しゅほう,手法,手法,しゅほう,主法
しゆう,私有,私有,しゆう,思友
しょ,諸,诸,しょ,所
しょう,背負う,背负,しょう,小
しょう,象,背负,しょう,小
しょう,症,背负,しょう,小
しょう,傷,背负,しょう,小
しょう,商,背负,しょう,小
しょうきょ,消去,消除,しょうきょ,小去
しょうげき,衝撃,冲击,しょうげき,小撃
しょうげん,証言,证言,しょうげん,小言
しょうこ,証拠,证据,しょうこ,小子
しょうこう,消耗,消耗,しょうこう,小工
しょうごう,照合,核对,しょうごう,小号
しょうさい,詳細,详细,しょうさい,小細
しょうしん,昇進,升职,しょうしん,小心
しょうすう,少数,少数,しょうすう,小数
しょうする,称する,称为,しょうする,小する
しょうそく,消息,消息,しょうそく,小息
しょうだく,承諾,承诺,しょうだく,小諾
しょうちょう,象徴,象征,しょうちょう,小長
しょうにか,小児科,儿科,しょうにか,小二科
しょうにん,証人,证人,しょうにん,小人
しょうめい,照明,照明,しょうめい,小名
しょうり,勝利,胜利,しょうり,小利
しょうれい,奨励,奖励,しょうれい,小例
しょくいん,職員,职员,しょくいん,食員
しょくみんち,植民地,殖民地,しょくみんち,食民地
しょくむ,職務,职务,しょくむ,食務
しょくん,諸君,诸位,しょくん,食君
しょざい,所在,所在,しょざい,書在
しょしょ,所々,各处,しょしょ,書所
しょじ,所持,持有,しょじ,書字
しょぞく,所属,所属,しょぞく,書族
しょち,処置,处置,しょち,書地
しょっちゅう,,经常,しょっちゅう,書っちゅう
しょてい,所定,规定,しょてい,書程
しょとく,所得,所得,しょとく,書得
しょはん,初版,初版,しょはん,書版
しょばつ,処罰,处罚,しょばつ,書罰
しょひょう,書評,书评,しょひょう,小評
しょぶん,処分,处分,しょぶん,書分
しょみん,庶民,平民,しょみん,書民
しょむ,庶務,总务,しょむ,書務
しよう,私用,私用,しよう,使用
しよう,仕様,私用,しよう,使用
しようにん,使用人,佣人,しようにん,私用人
しらべ,調べ,调查,しらべ,知らべ
しりあい,知り合い,熟人,しりあい,尻合い
しりぞく,退く,后退,しりぞく,尻ぞく
しりぞける,退ける,击退,しりぞける,尻ぞける
しるす,記す,记录,しるす,汁す
しれい,指令,指令,しれい,司令
しろ,代,代替,しろ,城
しわ,皺,皱纹,しわ,師話
しん,新,新,しん,心
しんか,進化,进化,しんか,深化
しんがり,殿,殿后,しんがり,新狩り
しんぎ,審議,审议,しんぎ,新義
しんこう,進行,进行,しんこう,信仰
しんこう,新興,进行,しんこう,信仰
しんこう,振興,进行,しんこう,信仰
しんこく,申告,申报,しんこく,新国
しんこん,新婚,新婚,しんこん,深根
しんさ,審査,审查,しんさ,新差
しんし,紳士,绅士,しんし,新死
しんしゅつ,進出,进出,しんしゅつ,新出
しんじゃ,信者,信徒,しんじゃ,新者
しんじゅ,真珠,珍珠,しんじゅ,心中
しんじゅう,心中,殉情,しんじゅう,真珠
しんじょう,心情,心情,しんじょう,新城
しんじん,新人,新人,しんじん,信心
しんせい,神聖,神圣,しんせい,申請
しんぜん,親善,友好,しんぜん,新善
しんそう,真相,真相,しんそう,新装
しんちく,新築,新建,しんちく,深築
しんてい,進呈,进呈,しんてい,新程
しんてん,進展,进展,しんてん,新店
しんでん,神殿,神殿,しんでん,新田
しんど,進度,进度,しんど,深度
しんどう,振動,振动,しんどう,新道
しんにゅうせい,新入生,新生,しんにゅうせい,侵入生
しんにん,信任,信任,しんにん,新任
しんばん,審判,审判,しんばん,新版
しんぴ,神秘,神秘,しんぴ,新美
しんぼう,辛抱,忍耐,しんぼう,新房
しんり,真理,真理,しんり,心理
しんりゃく,侵略,侵略,しんりゃく,新略
しんりょう,診療,诊疗,しんりょう,新料
しんろ,進路,前程,しんろ,新路
じかく,自覚,自觉,じかく,時覚
じかた,地方,地方,じかた,時方
じが,自我,自我,じが,時我
じき,磁気,磁气,じき,時期
じき,磁器,磁气,じき,時期
じぎょう,事業,事业,じぎょう,地形
じぎょう,地形,事业,じぎょう,地形
じく,軸,轴,じく,時区
じこ,自己,自己,じこ,事故
じこう,事項,事项,じこう,時候
じこくひょう,時刻表,时刻表,じこくひょう,自国表
じごく,地獄,地狱,じごく,時獄
じさ,時差,时差,じさ,自差
じざい,自在,自在,じざい,時在
じしゅ,自主,自主,じしゅ,自首
じしゅ,自首,自主,じしゅ,自首
じしょく,辞職,辞职,じしょく,自食
じしん,自信,自信,じしん,地震
じぜん,事前,事前,じぜん,自然
じそんしん,自尊心,自尊心,じそんしん,時存心
じぞく,持続,持续,じぞく,自族
じたい,字体,字体,じたい,事態
じたい,辞退,字体,じたい,事態
じっくり,,仔细地,じっくり,実っくり
じっしつ,実質,实质,じっしつ,実室
じっせん,実践,实践,じっせん,実戦
じったい,実態,实态,じったい,実体
じっぴ,実費,实费,じっぴ,実比
じっぷん,十分,十分,じっぷん,実分
じつ,実,实,じつ,日
じつぎょうか,実業家,实业家,じつぎょうか,実行家
じつじょう,実情,实情,じつじょう,実場
じてん,自転,自转,じてん,辞典
じどうし,自動詞,自动词,じどうし,自動車
じぬし,地主,地主,じぬし,時主
じびか,耳鼻科,耳鼻科,じびか,自美科
じもと,地元,当地,じもと,時元
じゃく,弱,弱,じゃく,若
じゃっかん,若干,若干,じゃっかん,弱干
じゃり,砂利,砂砾,じゃり,邪利
じゃんけん,じゃん拳,石头剪刀布,じゃんけん,邪拳
じゅう,住,住,じゅう,十
じゅうぎょういん,従業員,员工,じゅうぎょういん,重業員
じゅうじ,従事,从事,じゅうじ,十字
じゅうじつ,充実,充实,じゅうじつ,重実
じゅうじろ,十字路,十字路,じゅうじろ,重路
じゅうなん,柔軟,柔软,じゅうなん,重難
じゅうふく,重複,重复,じゅうふく,従服
じゅうほう,重宝,珍贵,じゅうほう,従法
じゅうらい,従来,从来,じゅうらい,重来
じゅく,塾,私塾,じゅく,熟
じゅもく,樹木,树木,じゅもく,重木
じゅりつ,樹立,树立,じゅりつ,重立
じゅんきゅう,準急,准急,じゅんきゅう,順急
じゅんじる,準じる,准照,じゅんじる,順じる
じゅんずる,準ずる,准照,じゅんずる,順ずる
じょ,助,助,じょ,女
じょう,情,情,じょう,上
じょう,畳,情,じょう,上
じょう,尉,情,じょう,上
じょう,嬢,情,じょう,上
じょう,状,情,じょう,上
じょうい,上位,上位,じょうい,情意
じょうえん,上演,上演,じょうえん,情縁
じょうか,城下,城下,じょうか,上下
じょうかく,乗客,乘客,じょうかく,上客
じょうくう,上空,上空,じょうくう,情空
じょうし,上司,上司,じょうし,情詞
じょうしょ,情緒,情绪,じょうしょ,上書
じょうしょう,上昇,上升,じょうしょう,情勝
じょうせい,情勢,形势,じょうせい,上生
じょうねつ,情熱,热情,じょうねつ,上熱
じょうふ,丈夫,结实,じょうふ,上夫
じょうほ,譲歩,让步,じょうほ,上歩
じょうやく,条約,条约,じょうやく,上約
じょうりく,上陸,登陆,じょうりく,情陸
じょうりゅう,蒸留,蒸馏,じょうりゅう,上流
じょがい,除外,除外,じょがい,女害
じょげん,助言,建议,じょげん,女言
じょこう,徐行,缓行,じょこう,女工
じょし,女史,女士,じょし,助詞
じょし,助詞,女士,じょし,助詞
じょどうし,助動詞,助动词,じょどうし,女動詞
じりつ,自立,自立,じりつ,地立
じん,人,人,じん,陣
じんかく,人格,人格,じんかく,陣格
じんざい,人材,人才,じんざい,陣材
じんそく,迅速,迅速,じんそく,人速
じんたい,人体,人体,じんたい,陣体
じんみん,人民,人民,じんみん,陣民
じんもく,人目,人们的目光,じんもく,人影
すいき,水気,水气,すいき,湿気
すいげん,水源,水源,すいげん,水元
すいしん,推進,推进,すいしん,推薦
すいせん,水洗,水洗,すいせん,推進
すいそう,吹奏,吹奏,すいそう,演奏
すいそく,推測,推测,すいそく,推定
すいでん,水田,水田,すいでん,田園
すいり,推理,推理,すいり,論理
すうし,数詞,数词,すうし,数字
すうはい,崇拝,崇拜,すうはい,礼拝
すえつける,据え付ける,安装,すえつける,取り付ける
すえる,据える,放置,すえる,置える
すがすがしい,清々しい,清爽,すがすがしい,爽やか
すぎ,過ぎ,过,すぎ,越え
すくい,救い,救助,すくい,助け
すくう,掬う,舀,すくう,汲む
すくなくとも,少なくとも,至少,すくなくとも,せめて
すぐ,直ぐ,马上,すぐ,即座
すこやか,健やか,健康,すこやか,元気
すすぐ,濯ぐ,漂洗,すすぐ,洗う
すすみ,進み,进步,すすみ,歩み
すすめ,勧め,劝告,すすめ,薦め
すそ,裾,下摆,すそ,袖
すたれる,廃れる,衰落,すたれる,滅びる
すっぱい,酸っぱい,酸,すっぱい,辛い
すてき,素敵,棒极了,すてき,素晴らしい
すなわち,即ち,即,すなわち,つまり
すばしこい,素早い,敏捷,すばしこい,すばやい
すばやい,素早い,敏捷,すばやい,すばしこい
すます,済ます,完成,すます,終える
すます,澄ます,澄清,すます,清める
すまない,済まない,不好意思,すまない,申し訳ない
すみません,済みません,对不起,すみません,失礼します
すめらぎ,天皇,天皇,すめらぎ,帝
すり,刷り,印刷,すり,印刷
する,剃る,剃,する,削る
すれちがい,擦れ違い,擦肩而过,すれちがい,行き違い
すれちがう,すれ違う,擦肩而过,すれちがう,行き違う
すれる,擦れる,磨损,すれる,摩れる
すんなり,すんなり,顺利地,すんなり,スムーズ
ずうずうしい,図々しい,厚脸皮,ずうずうしい,厚かましい
ずばり,ずばり,直截了当,ずばり,はっきり
ずぶぬれ,ずぶ濡れ,湿透,ずぶぬれ,びしょ濡れ
ずらっと,ずらっと,一排,ずらっと,ずらり
ずるずる,ずるずる,拖拖拉拉,ずるずる,だらだら
ずれ,ずれ,偏差,ずれ,ずらし
ずれる,ずれる,偏移,ずれる,ずらす
せい,制,制,せい,政
せい,製,制造,せい,作
せいいく,生育,生长,せいいく,成長
せいか,成果,成果,せいか,結果
せいかい,正解,正确答案,せいかい,解答
せいき,正規,正规,せいき,正式
せいぎ,正義,正义,せいぎ,公正
せいけい,生計,生计,せいけい,暮らし
せいけん,政権,政权,せいけん,権力
せいこう,精巧,精巧,せいこう,巧妙
せいさい,制裁,制裁,せいさい,処罰
せいさく,政策,政策,せいさく,方針
せいさん,清算,清算,せいさん,決算
せいざ,星座,星座,せいざ,星群
せいし,生死,生死,せいし,死生
せいし,静止,静止,せいし,停止
せいしゅん,青春,青春,せいしゅん,若さ
せいしょ,聖書,圣书,せいしょ,経典
せいじつ,誠実,诚实,せいじつ,真面目
せいじゅく,成熟,成熟,せいじゅく,熟成
せいじゅん,清純,清纯,せいじゅん,純真
せいじょう,正常,正常,せいじょう,普通
せいする,制する,制服,せいする,支配する
せいぜん,整然,整然,せいぜん,整頓
せいそう,盛装,盛装,せいそう,正装
せいだい,盛大,盛大,せいだい,壮大
せいだく,清濁,清浊,せいだく,善悪
せいてい,制定,制定,せいてい,決定
せいてき,静的,静态,せいてき,動的
せいてつ,製鉄,制铁,せいてつ,鉄鋼
せいてん,晴天,晴天,せいてん,快晴
せいとう,正当,正当,せいとう,適正
せいねん,成年,成年,せいねん,大人
せいふく,制服,制服,せいふく,軍服
せいふく,征服,征服,せいふく,制圧
せいほう,製法,制法,せいほう,作法
せいみつ,精密,精密,せいみつ,正確
せいめい,声明,声明,せいめい,宣言
せいめい,姓名,姓名,せいめい,氏名
せいやく,制約,制约,せいやく,束縛
せいり,生理,生理,せいり,整理
せいりょく,勢力,势力,せいりょく,力量
せいれつ,整列,整列,せいれつ,並列
せかす,急かす,催促,せかす,促す
せがれ,伜,儿子,せがれ,息子
せきむ,責務,责务,せきむ,義務
せじ,世辞,客套话,せじ,お世辞
せたい,世帯,世带,せたい,家庭
せだい,世代,世代,せだい,時代
せっかい,切開,切开,せっかい,手術
せっしょく,接触,接触,せっしょく,接近
せっち,設置,设置,せっち,配置
せっちゅう,折衷,折衷,せっちゅう,妥協
せってい,設定,设定,せってい,調整
せっとく,説得,说服,せっとく,納得
せつ,節,节,せつ,季節
せつじつ,切実,切实,せつじつ,深刻
せつぞくし,接続詞,连接词,せつぞくし,助詞
せつない,切ない,痛苦,せつない,辛い
せつりつ,設立,设立,せつりつ,創立
せめ,攻め,攻击,せめ,責め
せろん,世論,舆论,せろん,民意
せん,仙,仙人,せん,千
せん,前,前面,せん,先
せんい,繊維,纤维,せんい,糸
せんきょ,選挙,选举,せんきょ,投票
せんきょう,宣教,传教,せんきょう,布教
せんげん,宣言,宣言,せんげん,声明
せんこう,先行,先行,せんこう,先導
せんこう,選考,选考,せんこう,審査
せんさい,戦災,战灾,せんさい,災害
せんしゅう,専修,专修,せんしゅう,専攻
せんじゅつ,戦術,战术,せんじゅつ,戦略
せんすい,潜水,潜水,せんすい,水中
せんせんげつ,先先月,前前个月,せんせんげつ,先々月
せんせんしゅう,先先週,前前周,せんせんしゅう,先々週
せんだい,先代,先代,せんだい,前代
せんだって,先だって,前些日子,せんだって,この間
せんちゃく,先着,先到,せんちゃく,到着
せんてんてき,先天的,先天的,せんてんてき,生来
せんとう,戦闘,战斗,せんとう,戦争
せんにゅう,潜入,潜入,せんにゅう,侵入
せんぱく,船舶,船舶,せんぱく,船
せんよう,専用,专用,せんよう,専門
せんりょう,占領,占领,せんりょう,支配
せんりょく,戦力,战力,せんりょく,軍事力
ぜいむしょ,税務署,税务署,ぜいむしょ,税務所
ぜせい,是正,纠正,ぜせい,修正
ぜっぱん,絶版,绝版,ぜっぱん,廃刊
ぜつぼう,絶望,绝望,ぜつぼう,失望
ぜひとも,是非とも,务必,ぜひとも,必ず
ぜん,膳,膳食,ぜん,食事
ぜん,禅,禅,ぜん,瞑想
ぜんかい,全快,完全康复,ぜんかい,回復
ぜんせい,全盛,全盛,ぜんせい,最盛
ぜんてい,前提,前提,ぜんてい,条件
ぜんと,前途,前途,ぜんと,将来
ぜんめつ,全滅,全灭,ぜんめつ,壊滅
ぜんりょう,善良,善良,ぜんりょう,良い
ぜんれい,前例,先例,ぜんれい,例
そう,僧,僧人,そう,坊主
そう,沿う,沿着,そう,従う
そう,添う,贴近,そう,付く
そう,総,总,そう,全
そうおう,相応,相应,そうおう,適当
そうかい,総会,总会,そうかい,会議
そうかん,創刊,创刊,そうかん,発刊
そうきん,送金,汇款,そうきん,振込
そうこう,走行,行驶,そうこう,運転
そうごう,総合,综合,そうごう,統合
そうさ,捜査,搜查,そうさ,調査
そうさく,捜索,搜索,そうさく,探索
そうして,然うして,然后,そうして,それで
そうしょく,装飾,装饰,そうしょく,飾り
そうじゅう,操縦,操纵,そうじゅう,運転
そうぞう,創造,创造,そうぞう,創作
そうだい,壮大,壮大,そうだい,雄大
そうどう,騒動,骚动,そうどう,混乱
そうなん,遭難,遇难,そうなん,事故
そうば,相場,行情,そうば,価格
そうび,装備,装备,そうび,設備
そうりつ,創立,创立,そうりつ,設立
そえる,添える,添加,そえる,付ける
そくざに,即座に,立即,そくざに,すぐに
そくしん,促進,促进,そくしん,推進
そくする,即する,符合,そくする,合う
そくばく,束縛,束缚,そくばく,制約
そくめん,側面,侧面,そくめん,横
そこ,其処,那里,そこ,ここ
そこで,其処で,于是,そこで,それで
そこなう,損なう,损害,そこなう,傷つける
そこら,其処ら,那一带,そこら,あたり
そざい,素材,素材,そざい,材料
そし,阻止,阻止,そし,妨害
そして,然して,然后,そして,それから
そしょう,訴訟,诉讼,そしょう,裁判
そだち,育ち,成长,そだち,成長
そち,措置,措施,そち,処置
そちら,其方,那边,そちら,あちら
そっけない,素っ気ない,冷淡,そっけない,冷たい
そっちょく,率直,率直,そっちょく,正直
そっぽ,外方,别处,そっぽ,よそ
そなえつける,備え付ける,配备,そなえつける,設置する
そなわる,備わる,具备,そなわる,持つ
その,園,园,その,庭
そのうえ,その上,而且,そのうえ,さらに
そのうち,その内,其中,そのうち,やがて
そのため,その為,因此,そのため,だから
そのほか,その外,其他,そのほか,他に
そのまま,其の儘,照原样,そのまま,そっくり
そびえる,聳える,耸立,そびえる,立つ
そぼく,素朴,朴素,そぼく,単純
そまる,染まる,染色,そまる,色づく
そむく,背く,违背,そむく,逆らう
そめる,染める,染,そめる,色づける
そらす,逸らす,转移,そらす,向ける
そり,反り,弯曲,そり,カーブ
それ,其れ,那个,それ,これ
それから,其れから,然后,それから,その後
それぞれ,各々,各自,それぞれ,めいめい
それで,其れで,所以,それで,だから
それでは,其れでは,那么,それでは,では
それでも,其れでも,即使如此,それでも,でも
それとも,其れ共,还是,それとも,または
それに,其れに,而且,それに,また
それほど,其れ程,那么,それほど,そんなに
それゆえ,其れ故,因此,それゆえ,だから
そろい,揃い,齐全,そろい,セット
そろそろ,徐々,渐渐,そろそろ,だんだん
そんしつ,損失,损失,そんしつ,損害
そんぞく,存続,存续,そんぞく,継続
ぞい,沿い,沿着,ぞい,そば
ぞう,像,像,ぞう,姿
ぞうきょう,増強,增强,ぞうきょう,強化
ぞうしょう,蔵相,藏相,ぞうしょう,大臣
ぞうしん,増進,增进,ぞうしん,向上
ぞんざい,ぞんざい,粗鲁,ぞんざい,いい加減
たい,他意,他意,たい,意図
たいおう,対応,对应,たいおう,応対
たいか,退化,退化,たいか,進化
たいかく,体格,体格,たいかく,体型
たいがい,大概,大概,たいがい,だいたい
たいがく,退学,退学,たいがく,中退
たいきん,大金,大金,たいきん,巨額
たいぐう,待遇,待遇,たいぐう,処遇
たいけつ,対決,对决,たいけつ,勝負
たいけん,体験,体验,たいけん,経験
たいこう,対抗,对抗,たいこう,抵抗
たいして,対して,对于,たいして,について
たいしゅう,大衆,大众,たいしゅう,民衆
たいしょ,対処,对处,たいしょ,処理
たいしょく,退職,退职,たいしょく,辞職
たいじ,退治,退治,たいじ,駆除
たいせい,態勢,态势,たいせい,体制
たいだん,対談,对谈,たいだん,会談
たいとう,対等,对等,たいとう,平等
たいのう,滞納,滞纳,たいのう,未納
たいひ,対比,对比,たいひ,比較
たいぶ,大部,大部分,たいぶ,かなり
たいへん,大変,大变,たいへん,とても
たいぼう,待望,期待,たいぼう,期待
たいまん,怠慢,怠慢,たいまん,怠惰
たいめん,対面,对面,たいめん,面会
たいりつ,対立,对立,たいりつ,対抗
たいりょく,体力,体力,たいりょく,力
たいわ,対話,对话,たいわ,会話
たえる,耐える,忍耐,たえる,我慢する
たえる,絶える,断绝,たえる,途切れる
たえる,堪える,忍受,たえる,耐える
たか,高,高度,たか,高さ
たかまる,高まる,高涨,たかまる,上がる
たきび,焚火,篝火,たきび,火
たくさん,沢山,很多,たくさん,多く
たくましい,逞しい,强壮,たくましい,強い
たくみ,巧み,巧妙,たくみ,上手
たぐい,類,类别,たぐい,種類
たけ,丈,长度,たけ,長さ
たしざん,足し算,加法,たしざん,計算
たすうけつ,多数決,多数决,たすうけつ,投票
たすけ,助け,帮助,たすけ,援助
たずさわる,携わる,参与,たずさわる,関わる
ただよう,漂う,漂浮,ただよう,浮く
たち,館,馆,たち,建物
たちかた,立方,立方,たちかた,立体
たちまち,忽ち,忽然,たちまち,急に
たちよる,立ち寄る,顺便去,たちよる,寄る
たっしゃ,達者,健康,たっしゃ,元気
たっせい,達成,达成,たっせい,完成
たった,たった,仅仅,たった,わずか
たっとい,尊い,尊贵,たっとい,貴い
たっとい,貴い,珍贵,たっとい,尊い
たっとぶ,尊ぶ,尊敬,たっとぶ,敬う
たつ,絶つ,断绝,たつ,切る
たて,盾,盾牌,たて,防御
たてまえ,建前,表面理由,たてまえ,本音
たてまつる,奉る,奉献,たてまつる,捧げる
たとえ,例え,例如,たとえ,例
たとえ,仮令,即使,たとえ,もし
たどうし,他動詞,他动词,たどうし,自動詞
たどりつく,辿り着く,到达,たどりつく,着く
たどる,辿る,追寻,たどる,追う
たなごころ,掌,手掌,たなごころ,手のひら
たのしむ,楽しむ,享受,たのしむ,喜ぶ
たのみ,頼み,请求,たのみ,依頼
たばこ,煙草,烟草,たばこ,タバコ
たびたび,度々,屡次,たびたび,しばしば
たほう,他方,另一方面,たほう,一方
たぼう,多忙,繁忙,たぼう,忙しい
たまう,給う,给予,たまう,与える
たまに,偶に,偶尔,たまに,時々
たまらない,堪らない,受不了,たまらない,耐えられない
たまり,溜まり,积聚,たまり,集まり
たまわる,賜る,赐予,たまわる,与える
ためし,例,例子,ためし,実例
ためらう,躊躇う,犹豫,ためらう,迷う
たもつ,保つ,保持,たもつ,維持する
たやすい,容易い,容易,たやすい,簡単
たよう,多様,多样,たよう,多種
たるみ,弛み,松弛,たるみ,緩み
たるむ,弛む,松弛,たるむ,緩む
たれ,誰,谁,たれ,だれ
たれる,垂れる,下垂,たれる,下がる
たん,歎,叹息,たん,嘆
たん,反,反对,たん,逆
たんいつ,単一,单一,たんいつ,一つ
たんか,短歌,短歌,たんか,和歌
たんか,担架,担架,たんか,ストレッチャー
たんき,短気,急性子,たんき,気短
たんけん,探検,探险,たんけん,探索
たんしゅく,短縮,缩短,たんしゅく,縮小
たんす,箪笥,衣柜,たんす,タンス
たんそ,炭素,碳素,たんそ,カーボン
たんだい,短大,短期大学,たんだい,短期大学
たんちょう,単調,单调,たんちょう,一様
たんどく,単独,单独,たんどく,一人
たんぱ,短波,短波,たんぱ,ラジオ
たんぱくしつ,蛋白質,蛋白质,たんぱくしつ,プロテイン
だい,第,第,だい,番
だいいち,第一,第一,だいいち,最初
だいたん,大胆,大胆,だいたん,勇敢
だいなし,台無し,白费,だいなし,無駄
だいべん,大便,大便,だいべん,うんち
だいべん,代弁,代言,だいべん,代理
だいほん,台本,剧本,だいほん,脚本
だいよう,代用,代用,だいよう,代替
だかい,打開,打开,だかい,開く
だきょう,妥協,妥协,だきょう,譲歩
だけ,丈,长度,だけ,だけ
だけつ,妥結,妥结,だけつ,合意
だげき,打撃,打击,だげき,衝撃
ださく,駄作,劣作,ださく,失敗作
だっしゅつ,脱出,脱出,だっしゅつ,逃げる
だっする,脱する,脱离,だっする,抜ける
だったい,脱退,脱退,だったい,退会
だぶだぶ,だぶだぶ,宽松,だぶだぶ,ゆるゆる
だます,騙す,欺骗,だます,嘘をつく
だらけ,だらけ,满是,だらけ,ばかり
だるい,怠い,疲倦,だるい,疲れる
だん,壇,坛,だん,台
だんけつ,団結,团结,だんけつ,結束
だんげん,断言,断言,だんげん,言い切る
だんぜん,断然,断然,だんぜん,絶対
だんだん,段々,渐渐,だんだん,徐々に
だんな,旦那,老爷,だんな,主人
だんめん,断面,断面,だんめん,切り口
だんりょく,弾力,弹力,だんりょく,弾性
ちあん,治安,治安,ちあん,安全
ちかづく,近付く,靠近,ちかづく,近寄る
ちがえる,違える,弄错,ちがえる,間違える
ちぎる,契る,约定,ちぎる,約束する
ちくさん,畜産,畜牧业,ちくさん,牧畜
ちくしょう,畜生,畜生,ちくしょう,動物
ちくせき,蓄積,积蓄,ちくせき,貯蓄
ちせい,知性,知性,ちせい,理性
ちち,乳,乳汁,ちち,ミルク
ちちはは,父母,父母,ちちはは,両親
ちぢまる,縮まる,缩小,ちぢまる,小さくなる
ちっそく,窒息,窒息,ちっそく,息苦しい
ちっとも,些とも,一点也不,ちっとも,全然
ちつじょ,秩序,秩序,ちつじょ,順序
ちてき,知的,知识的,ちてき,頭の良い
ちゃく,著,著作,ちゃく,書く
ちゃく,着,穿着,ちゃく,着る
ちゃくしゅ,着手,着手,ちゃくしゅ,開始
ちゃくしょく,着色,着色,ちゃくしょく,色づけ
ちゃくせき,着席,就座,ちゃくせき,座る
ちゃくもく,着目,注目,ちゃくもく,注意
ちゃくりく,着陸,着陆,ちゃくりく,降りる
ちゃっこう,着工,开工,ちゃっこう,工事開始
ちゃのま,茶の間,客厅,ちゃのま,居間
ちゃのゆ,茶の湯,茶道,ちゃのゆ,茶道
ちやほや,ちやほや,宠爱,ちやほや,甘やかす
ちゅうかん,昼間,白天,ちゅうかん,日中
ちゅうがえり,宙返り,翻筋斗,ちゅうがえり,バク転
ちゅうけい,中継,中继,ちゅうけい,リレー
ちゅうこく,忠告,忠告,ちゅうこく,アドバイス
ちゅうし,中指,中指,ちゅうし,人差し指
ちゅうしょう,中傷,中伤,ちゅうしょう,悪口
ちゅうじつ,忠実,忠实,ちゅうじつ,誠実
ちゅうすう,中枢,中枢,ちゅうすう,中心
ちゅうせん,抽選,抽签,ちゅうせん,くじ引き
ちゅうだん,中断,中断,ちゅうだん,停止
ちゅうっぱら,中腹,半山腰,ちゅうっぱら,中間
ちゅうどく,中毒,中毒,ちゅうどく,毒
ちゅうにん,仲人,媒人,ちゅうにん,仲介者
ちゅうはん,昼飯,午饭,ちゅうはん,昼食
ちゅうりつ,中立,中立,ちゅうりつ,中性
ちゅうわ,中和,中和,ちゅうわ,バランス
ちょう,腸,肠子,ちょう,胃
ちょう,蝶,蝴蝶,ちょう,虫
ちょう,超,超过,ちょう,越える
ちょう,庁,厅,ちょう,役所
ちょういん,調印,签字,ちょういん,署名
ちょうかく,聴覚,听觉,ちょうかく,耳
ちょうかん,長官,长官,ちょうかん,大臣
ちょうこう,聴講,听讲,ちょうこう,受講
ちょうしゅう,徴収,征收,ちょうしゅう,集める
ちょうしんき,聴診器,听诊器,ちょうしんき,医療器具
ちょうせん,挑戦,挑战,ちょうせん,チャレンジ
ちょうだい,長大,长大,ちょうだい,巨大
ちょうてい,調停,调停,ちょうてい,仲裁
ちょうど,恰度,正好,ちょうど,ぴったり
ちょうへん,長編,长篇,ちょうへん,短編
ちょうめ,丁目,丁目,ちょうめ,番地
ちょうり,調理,烹调,ちょうり,料理
ちょうわ,調和,调和,ちょうわ,バランス
ちょくちょく,ちょくちょく,经常,ちょくちょく,しばしば
ちょくめん,直面,直面,ちょくめん,対面
ちょしょ,著書,著作,ちょしょ,本
ちょちく,貯蓄,储蓄,ちょちく,貯金
ちょっかん,直感,直觉,ちょっかん,感覚
ちょっと,一寸,一点,ちょっと,少し
ちょめい,著名,著名,ちょめい,有名
ちらっと,ちらっと,瞥一眼,ちらっと,ちょっと
ちりとり,塵取り,簸箕,ちりとり,ほうき
ちりょう,治療,治疗,ちりょう,医療
ちんぎん,賃金,工资,ちんぎん,給料
ちんでん,沈殿,沉淀,ちんでん,沈む
ちんぼつ,沈没,沉没,ちんぼつ,沈む
ちんもく,沈黙,沉默,ちんもく,無言
ちんれつ,陳列,陈列,ちんれつ,展示
ついきゅう,追及,追究,ついきゅう,追求
ついせき,追跡,追踪,ついせき,追う
ついで,次いで,接着,ついで,そして
ついほう,追放,追放,ついほう,追い出す
ついやす,費やす,花费,ついやす,使う
ついらく,墜落,坠落,ついらく,落ちる
つう,通,通,つう,道
つうかん,痛感,痛感,つうかん,実感
つうじょう,通常,通常,つうじょう,普通
つうせつ,痛切,痛切,つうせつ,深刻
つえ,杖,拐杖,つえ,ステッキ
つかい,遣い,使者,つかい,使い
つかいみち,使い道,用途,つかいみち,用法
つかえる,仕える,服务,つかえる,働く
つかさどる,司る,掌管,つかさどる,管理する
つかのま,束の間,片刻,つかのま,短時間
つき,付き,附带,つき,伴う
つきあう,付き合う,交往,つきあう,関わる
つきなみ,月並み,平凡,つきなみ,普通
つきる,尽きる,用尽,つきる,なくなる
つぎめ,継ぎ目,接缝,つぎめ,境目
つく,吐く,吐,つく,はく
つくす,尽くす,尽力,つくす,頑張る
つくり,作り,制作,つくり,製作
つくり,造り,建造,つくり,建設
つくる,造る,建造,つくる,作る
つくろう,繕う,修补,つくろう,直す
つぐ,接ぐ,接合,つぐ,つなぐ
つぐ,継ぐ,继承,つぐ,受け継ぐ
つけくわえる,付け加える,添加,つけくわえる,加える
つげる,告げる,告诉,つげる,知らせる
つじつま,辻褄,逻辑,つじつま,筋道
つちゅう,途中,途中,つちゅう,中間
つっぱる,突っ張る,撑住,つっぱる,支える
つつ,筒,筒子,つつ,管
つつ,銃,枪,つつ,鉄砲
つつく,突く,戳,つつく,刺す
つつしむ,慎む,谨慎,つつしむ,気をつける
つてごと,伝言,传话,つてごと,メッセージ
つとまる,勤まる,胜任,つとまる,できる
つとめさき,勤め先,工作单位,つとめさき,職場
つとめて,努めて,努力,つとめて,頑張って
つなみ,津波,海啸,つなみ,波
つねる,抓る,掐,つねる,つまむ
つのる,募る,募集,つのる,集める
つば,唾,唾液,つば,よだれ
つぶやく,呟く,嘟囔,つぶやく,ささやく
つぶる,瞑る,闭眼,つぶる,閉じる
つぼ,壷,壶,つぼ,容器
つぼみ,蕾,花蕾,つぼみ,花
つまずく,躓く,绊倒,つまずく,転ぶ
つまむ,摘む,摘取,つまむ,取る
つまらない,詰らない,无聊,つまらない,面白くない
つまり,詰まり,也就是说,つまり,すなわち
つもり,積もり,打算,つもり,予定
つゆ,露,露水,つゆ,水滴
つよまる,強まる,增强,つよまる,強くなる
つよめる,強める,加强,つよめる,強くする
つらなる,連なる,连续,つらなる,続く
つらぬく,貫く,贯穿,つらぬく,通す
つらねる,連ねる,连接,つらねる,つなぐ
つり,釣り,钓鱼,つり,魚釣り
つりかわ,吊り革,吊环,つりかわ,手すり
つりがね,釣鐘,吊钟,つりがね,ベル
つるす,吊るす,悬挂,つるす,掛ける
てあて,手当て,津贴,てあて,給料
てい,体,体,てい,身体
ていきょう,提供,提供,ていきょう,与える
ていぎ,定義,定义,ていぎ,意味
ていけい,提携,合作,ていけい,協力
ていさい,体裁,体面,ていさい,見た目
ていし,梯子,梯子,ていし,はしご
ていしょく,定食,套餐,ていしょく,セット
ていじ,提示,提示,ていじ,示す
ていせい,訂正,订正,ていせい,修正
ていたい,停滞,停滞,ていたい,止まる
ていたく,邸宅,宅邸,ていたく,豪邸
ていねん,定年,退休年龄,ていねん,退職
ていぼう,堤防,堤坝,ていぼう,防波堤
ておくれ,手遅れ,来不及,ておくれ,遅い
てかず,手数,手续,てかず,手間
てがかり,手掛かり,线索,てがかり,ヒント
てがける,手掛ける,着手,てがける,始める
てがる,手軽,简便,てがる,簡単
てき,的,的,てき,目標
てきおう,適応,适应,てきおう,合わせる
てきぎ,適宜,适宜,てきぎ,適当
てきせい,適性,适性,てきせい,能力
てぎわ,手際,手法,てぎわ,やり方
てじゅん,手順,步骤,てじゅん,順序
てじょう,手錠,手铐,てじょう,鎖
てぢか,手近,就近,てぢか,近く
てっきり,てっきり,完全,てっきり,きっと
てっこう,鉄鋼,钢铁,てっこう,鉄
てっする,徹する,贯彻,てっする,やり抜く
てっぺん,天辺,顶端,てっぺん,頂上
てはい,手配,安排,てはい,準備
てはず,手筈,安排,てはず,予定
てびき,手引き,指南,てびき,ガイド
てほん,手本,范本,てほん,見本
てまわし,手回し,手摇,てまわし,準備
てもと,手元,手边,てもと,近く
てりかえす,照り返す,反射,てりかえす,反映
てわけ,手分け,分工,てわけ,分担
てん,店,店铺,てん,商店
てんか,点火,点火,てんか,火をつける
てんかい,転回,转回,てんかい,回転
てんかん,転換,转换,てんかん,変える
てんきょ,転居,搬家,てんきょ,引っ越し
てんきん,転勤,调动,てんきん,異動
てんけん,点検,检查,てんけん,調べる
てんこう,転校,转学,てんこう,学校を変える
てんごく,天国,天堂,てんごく,楽園
てんさい,天才,天才,てんさい,才能
てんさい,天災,天灾,てんさい,災害
てんじ,展示,展示,てんじ,見せる
てんじょう,天井,天花板,てんじょう,屋根
てんじる,転じる,转变,てんじる,変わる
てんせん,点線,虚线,てんせん,破線
てんたい,天体,天体,てんたい,星
てんてん,転転,辗转,てんてん,あちこち
てんで,てんで,完全,てんで,全然
てんにん,転任,调任,てんにん,異動
てんぼう,展望,展望,てんぼう,見晴らし
てんらく,転落,跌落,てんらく,落ちる
であう,出合う,遇到,であう,会う
でいりぐち,出入り口,出入口,でいりぐち,入口
でかい,でかい,大,でかい,大きい
できもの,出来物,疙瘩,できもの,腫れ物
できる,出来る,能够,できる,可能
でくわす,出くわす,遇到,でくわす,出会う
でたらめ,出鱈目,胡说,でたらめ,いい加減
でなおし,出直し,重新来,でなおし,やり直し
でんえん,田園,田园,でんえん,農村
でんげん,電源,电源,でんげん,電気
でんせつ,伝説,传说,でんせつ,物語
でんせん,電線,电线,でんせん,ケーブル
でんたつ,伝達,传达,でんたつ,連絡
でんらい,伝来,传来,でんらい,伝統
と,と,和,と,そして
といあわせる,問い合わせる,询问,といあわせる,質問する
といや,問屋,批发商,といや,商店
とう,問う,问,とう,聞く
とう,棟,栋,とう,建物
とう,等,等,とう,級
とうき,陶器,陶器,とうき,焼き物
とうきゅう,等級,等级,とうきゅう,レベル
とうぎ,討議,讨论,とうぎ,議論
とうこう,登校,上学,とうこう,通学
とうごう,統合,统合,とうごう,合併
とうさん,倒産,倒闭,とうさん,破産
とうし,投資,投资,とうし,出資
とうじ,統治,统治,とうじ,支配
とうせい,統制,统制,とうせい,管理
とうせん,当選,当选,とうせん,選ばれる
とうそう,逃走,逃跑,とうそう,逃げる
とうそつ,統率,统率,とうそつ,指揮
とうたつ,到達,到达,とうたつ,着く
とうてい,到底,到底,とうてい,とても
とうとう,とうとう,终于,とうとう,ついに
とうにゅう,投入,投入,とうにゅう,入れる
とうにん,当人,当事人,とうにん,本人
とうぼう,逃亡,逃亡,とうぼう,逃げる
とうみん,冬眠,冬眠,とうみん,眠る
とうろく,登録,登录,とうろく,記録
とうろん,討論,讨论,とうろん,議論
とおざかる,遠ざかる,远离,とおざかる,離れる
とおまわり,遠回り,绕远路,とおまわり,回り道
とおりかかる,通りかかる,路过,とおりかかる,通る
とかく,兎角,总之,とかく,とにかく
とがめる,咎める,责备,とがめる,叱る
ときおり,時折,时而,ときおり,時々
とぎれる,途切れる,中断,とぎれる,切れる
とく,説く,说明,とく,話す
とくぎ,特技,特技,とくぎ,技能
とくさん,特産,特产,とくさん,名産
とくしゅう,特集,特集,とくしゅう,特別
とくてん,得点,得分,とくてん,点数
とくは,特派,特派,とくは,派遣
とくゆう,特有,特有,とくゆう,独特
とぐ,研ぐ,磨,とぐ,削る
とげ,刺,刺,とげ,針
とげる,遂げる,完成,とげる,達成する
とこ,床,床,とこ,畳
ところが,所が,但是,ところが,しかし
ところで,所で,话说,ところで,さて
としごろ,年頃,年纪,としごろ,年齢
としより,年寄り,老人,としより,老人
とじまり,戸締り,锁门,とじまり,施錠
とじょう,途上,途中,とじょう,道中
とじる,綴じる,装订,とじる,閉じる
とだえる,途絶える,中断,とだえる,切れる
とっきょ,特許,专利,とっきょ,権利
とっくに,疾っくに,早就,とっくに,もう
とっけん,特権,特权,とっけん,権利
とっさ,咄嗟,瞬间,とっさ,瞬間
とって,取っ手,把手,とって,ハンドル
とっぱ,突破,突破,とっぱ,打破
とつじょ,突如,突然,とつじょ,急に
とても,とても,非常,とても,すごく
ととのえる,整える,整理,ととのえる,準備する
とどけ,届け,送达,とどけ,配達
とどこおる,滞る,滞留,とどこおる,遅れる
とどまる,止まる,停留,とどまる,留まる
とどめる,留める,留住,とどめる,止める
とどめる,止める,停止,とどめる,留める
となえる,唱える,唱,となえる,歌う
とにかく,兎に角,总之,とにかく,ともかく
とのさま,殿様,大人,とのさま,主人
とばり,幕,幕,とばり,カーテン
とばり,帳,帐,とばり,幕
とびら,扉,门,とびら,ドア
とほ,徒歩,步行,とほ,歩き
とぼしい,乏しい,缺乏,とぼしい,少ない
とみ,富,财富,とみ,金
とむ,富む,富有,とむ,豊か
ともかく,兎も角,总之,ともかく,とにかく
ともかせぎ,共稼ぎ,双职工,ともかせぎ,共働き
ともしび,灯,灯火,ともしび,明かり
ともなう,伴う,伴随,ともなう,付く
ともばたらき,共働き,共同工作,ともばたらき,共稼ぎ
とらえる,捕らえる,捕捉,とらえる,捕まえる
とりあえず,取りあえず,暂且,とりあえず,まず
とりあつかい,取り扱い,处理,とりあつかい,扱い
とりあつかう,取り扱う,处理,とりあつかう,扱う
とりい,鳥居,鸟居,とりい,門
とりかえ,取り替え,更换,とりかえ,交換
とりくむ,取り組む,努力,とりくむ,頑張る
とりしまり,取り締まり,管制,とりしまり,管理
とりしまる,取り締まる,管制,とりしまる,管理する
とりしらべる,取り調べる,调查,とりしらべる,調査する
とりたてる,取り立てる,提拔,とりたてる,選ぶ
とりつぐ,取り次ぐ,转达,とりつぐ,伝える
とりのぞく,取り除く,除去,とりのぞく,除く
とりひき,取り引き,交易,とりひき,商売
とりまく,取り巻く,围绕,とりまく,囲む
とりまぜる,取り混ぜる,混合,とりまぜる,混ぜる
とりもどす,取り戻す,夺回,とりもどす,回復する
とりよせる,取り寄せる,订购,とりよせる,注文する
とりわけ,取り分,特别,とりわけ,特に
とりわけ,副,副,とりわけ,特に
とろける,蕩ける,融化,とろける,溶ける
とんだ,とんだ,意外的,とんだ,大変な
どう,胴,躯干,どう,体
どう,働,工作,どう,労働
どう,同,同,どう,一緒
どうい,同意,同意,どういい,賛成
どういん,動員,动员,どういん,召集
どうかん,同感,同感,どうかん,共感
どうき,動機,动机,どうき,理由
どうきゅう,同級,同级,どうきゅう,同学年
どうきょ,同居,同居,どうきょ,一緒に住む
どうこう,動向,动向,どうこう,傾向
どうし,同士,同志,どうし,仲間
どうし,同志,同志,どうし,同士
どうして,如何して,为什么,どうして,なぜ
どうしても,如何しても,无论如何,どうしても,絶対に
どうじょう,同情,同情,どうじょう,哀れみ
どうじょう,道場,道场,どうじょう,練習場
どうぞ,何卒,请,どうぞ,お願いします
どうぞよろしく,どうぞ宜しく,请多关照,どうぞよろしく,よろしく
どうちょう,同調,同调,どうちょう,賛成
どうてき,動的,动态,どうてき,活発
どうとう,同等,同等,どうとう,平等
どうどう,堂々,堂堂,どうどう,立派
どうにか,どうにか,好歹,どうにか,何とか
どうにゅう,導入,导入,どうにゅう,取り入れ
どうふう,同封,同封,どうふう,一緒に入れる
どうめい,同盟,同盟,どうめい,連合
どうやら,どうやら,似乎,どうやら,どうも
どうよう,動揺,动摇,どうよう,不安
どうりょく,動力,动力,どうりょく,エネルギー
どくさい,独裁,独裁,どくさい,専制
どくしゃ,読者,读者,どくしゃ,読み手
どくじ,独自,独自,どくじ,オリジナル
どくせん,独占,独占,どくせん,専有
どくそう,独創,独创,どくそう,オリジナル
どこ,何処,哪里,どこ,場所
どこか,何処か,某处,どこか,ある所
どさん,土産,土产,どさん,みやげ
どだい,土台,基础,どだい,基礎
どちら,何方,哪边,どちら,どっち
どて,土手,堤坝,どて,堤防
どなた,何方,哪位,どなた,誰
どなる,怒鳴る,怒吼,どなる,叫ぶ
どの,何の,哪个,どの,どれの
どひょう,土俵,土俵,どひょう,相撲場
どぼく,土木,土木,どぼく,建設
どれ,何れ,哪个,どれ,どの
どれどれ,何々,让我看看,どれどれ,さあ
どわすれ,度忘れ,一时忘记,どわすれ,忘れる
どんかん,鈍感,迟钝,どんかん,敏感
ないかく,内閣,内阁,ないかく,政府
ないし,乃至,乃至,ないし,または
ないぞう,内臓,内脏,ないぞう,臓器
ないぶ,内部,内部,ないぶ,中
ないらん,内乱,内乱,ないらん,内戦
ないりく,内陸,内陆,ないりく,陸地
なえ,苗,苗,なえ,芽
なお,尚,还,なお,まだ
なおさら,尚更,更加,なおさら,もっと
なかほど,中程,中间,なかほど,真ん中
ながし,流し,水槽,ながし,台所
ながなが,長々,长久,ながなが,長時間
なぐる,殴る,殴打,なぐる,叩く
なげく,嘆く,叹息,なげく,悲しむ
なげだす,投げ出す,放弃,なげだす,諦める
なごやか,和やか,和睦,なごやか,穏やか
なごり,名残,余韵,なごり,跡
なさけ,情け,情义,なさけ,思いやり
なさけぶかい,情け深い,有情义,なさけぶかい,優しい
なさる,為さる,做,なさる,する
なじる,詰る,责备,なじる,叱る
なぜ,何故,为什么,なぜ,どうして
なぜなら,何故なら,因为,なぜなら,だから
なだかい,名高い,著名,なだかい,有名
なだれ,雪崩,雪崩,なだれ,崩れ
なつく,懐く,亲近,なつく,慣れる
なづける,名付ける,命名,なづける,呼ぶ
なにげない,何気ない,无意中,なにげない,自然
なにしろ,何しろ,毕竟,なにしろ,とにかく
なにとぞ,何卒,请,なにとぞ,どうぞ
なにも,何も,什么都,なにも,全然
なにより,何より,最重要,なにより,一番
なぬか,七日,七日,なぬか,一週間
なふだ,名札,姓名牌,なふだ,札
なまぐさい,生臭い,腥臭,なまぐさい,臭い
なまぬるい,生温い,微温,なまぬるい,温い
なまみ,生身,肉体,なまみ,体
なまり,鉛,铅,なまり,金属
なまる,鈍る,变钝,なまる,衰える
なみ,並み,一般,なみ,普通
なめらか,滑らか,光滑,なめらか,スムーズ
なめる,嘗める,舔,なめる,味わう
なやましい,悩ましい,烦恼,なやましい,困る
なやます,悩ます,使烦恼,なやます,困らせる
なやみ,悩み,烦恼,なやみ,心配
ならし,平均,平均,ならし,平均
ならす,慣らす,使习惯,ならす,慣れさせる
ならす,馴らす,驯服,ならす,慣らす
ならびに,並びに,以及,ならびに,そして
なりたつ,成り立つ,成立,なりたつ,できる
なるたけ,成る丈,尽量,なるたけ,できるだけ
なるべく,成るべく,尽可能,なるべく,なるたけ
なれ,慣れ,习惯,なれ,慣れること
なれなれしい,馴れ馴れしい,过分亲近,なれなれしい,親しすぎる
なん,難,难,なん,困難
なん,南,南,なん,南方
なんか,なんか,什么的,なんか,何か
なんだか,何だか,不知为何,なんだか,何となく
なんだかんだ,なんだかんだ,总之,なんだかんだ,いろいろ
なんて,何て,多么,なんて,どんなに
なんと,何と,多么,なんと,なんて
なんとなく,何となく,不知不觉,なんとなく,何だか
なんとも,何とも,实在,なんとも,本当に
なんなり,何なり,什么都,なんなり,何でも
に,荷,货物,に,物
にかよう,似通う,相似,にかよう,似る
にきび,面皰,粉刺,にきび,吹き出物
にぎわう,賑わう,热闹,にぎわう,盛ん
にくい,憎い,可恨,にくい,嫌い
にくしみ,憎しみ,憎恨,にくしみ,恨み
にくしん,肉親,血亲,にくしん,家族
にくたい,肉体,肉体,にくたい,体
にげだす,逃げ出す,逃跑,にげだす,逃げる
にしび,西日,西晒,にしび,夕日
にじむ,滲む,渗透,にじむ,染みる
にちや,日夜,日夜,にちや,昼夜
にっとう,日当,日工资,にっとう,給料
にづくり,荷造り,包装,にづくり,梱包
になう,担う,承担,になう,背負う
ににん,二人,两人,ににん,二人
にもかかわらず,にも拘らず,尽管,にもかかわらず,それでも
にゅうしゅ,入手,获得,にゅうしゅ,手に入れる
にゅうしょう,入賞,获奖,にゅうしょう,受賞
にゅうよく,入浴,洗澡,にゅうよく,風呂
にょう,尿,尿,にょう,小便
にわか,俄か,突然,にわか,急に
にんしき,認識,认识,にんしき,理解
にんしん,妊娠,怀孕,にんしん,妊娠
にんじょう,人情,人情,にんじょう,思いやり
にんむ,任務,任务,にんむ,仕事
にんめい,任命,任命,にんめい,指名
ぬかす,抜かす,省略,ぬかす,飛ばす
ぬけだす,抜け出す,逃出,ぬけだす,出る
ぬすみ,盗み,偷盗,ぬすみ,泥棒
ぬま,沼,沼泽,ぬま,池
ね,音,声音,ね,声
ねうち,値打ち,价值,ねうち,価値
ねかせる,寝かせる,让睡,ねかせる,眠らせる
ねじ,捻子,螺丝,ねじ,ボルト
ねじまわし,ねじ回し,螺丝刀,ねじまわし,ドライバー
ねじれる,捻じれる,扭曲,ねじれる,曲がる
ねず,鼠,老鼠,ねず,ネズミ
ねたむ,妬む,嫉妒,ねたむ,羨む
ねだる,強請る,要求,ねだる,求める
ねっとう,熱湯,热水,ねっとう,お湯
ねつい,熱意,热情,ねつい,情熱
ねつりょう,熱量,热量,ねつりょう,カロリー
ねばり,粘り,粘性,ねばり,粘着
ねばる,粘る,坚持,ねばる,頑張る
ねびき,値引き,降价,ねびき,割引
ねまわし,根回し,事前协商,ねまわし,準備
ねむたい,眠たい,困倦,ねむたい,眠い
ねる,練る,揉练,ねる,こねる
ねん,念,念头,ねん,思い
ねんかん,年鑑,年鉴,ねんかん,年報
ねんごう,年号,年号,ねんごう,元号
ねんしょう,燃焼,燃烧,ねんしょう,燃える
ねんせい,年生,年级,ねんせい,学年
ねんちょう,年長,年长,ねんちょう,年上
ねんりょう,燃料,燃料,ねんりょう,ガソリン
ねんりん,年輪,年轮,ねんりん,輪
のう,脳,脑,のう,頭
のうこう,農耕,农耕,のうこう,農業
のうじょう,農場,农场,のうじょう,畑
のうち,農地,农地,のうち,田畑
のうにゅう,納入,纳入,のうにゅう,提出
のがす,逃す,错过,のがす,見逃す
のがれる,逃れる,逃脱,のがれる,逃げる
のきなみ,軒並み,家家户户,のきなみ,全部
のこぎり,鋸,锯子,のこぎり,ノコギリ
のぞましい,望ましい,理想的,のぞましい,良い
のぞむ,臨む,面临,のぞむ,向かう
のっとる,乗っ取る,劫持,のっとる,奪う
のどか,長閑,悠闲,のどか,静か
ののしる,罵る,辱骂,ののしる,悪口を言う
のべ,延べ,总计,のべ,合計
のみこむ,飲み込む,吞下,のみこむ,理解する
のりかえ,乗り換え,换乘,のりかえ,乗り継ぎ
のりこむ,乗り込む,乘入,のりこむ,入る
は,刃,刀刃,は,刀
は,派,派别,は,グループ
はあく,把握,把握,はあく,理解
はい,肺,肺,はい,肺臓
はいき,廃棄,废弃,はいき,捨てる
はいきゅう,配給,配给,はいきゅう,配布
はいぐうしゃ,配偶者,配偶,はいぐうしゃ,夫婦
はいけい,拝啓,敬启,はいけい,手紙の始まり
はいけい,背景,背景,はいけい,バックグラウンド
はいご,背後,背后,はいご,後ろ
はいさら,灰皿,烟灰缸,はいさら,灰入れ
はいし,廃止,废止,はいし,やめる
はいしゃく,拝借,借用,はいしゃく,借りる
はいじょ,排除,排除,はいじょ,除く
はいすい,排水,排水,はいすい,水を流す
はいせん,敗戦,败战,はいせん,負け
はいち,配置,配置,はいち,置く
はいふ,配布,配布,はいふ,配る
はいぶん,配分,分配,はいぶん,分ける
はいりょ,配慮,考虑,はいりょ,気遣い
はいれつ,配列,排列,はいれつ,並べる
はえる,映える,映照,はえる,美しく見える
はかい,破壊,破坏,はかい,壊す
はかち,墓地,墓地,はかち,墓場
はかどる,捗る,进展,はかどる,進む
はかない,果ない,虚幻,はかない,短い
はかる,諮る,商议,はかる,相談する
はかる,図る,图谋,はかる,計画する
はがす,剥がす,撕掉,はがす,取る
はき,破棄,废弃,はき,捨てる
はく,泊,住宿,はく,宿泊
はくがい,迫害,迫害,はくがい,いじめ
はくじゃく,薄弱,薄弱,はくじゃく,弱い
はくじょう,白状,坦白,はくじょう,告白
はぐ,剥ぐ,剥掉,はぐ,取る
はけん,派遣,派遣,はけん,送る
はげます,励ます,鼓励,はげます,元気づける
はげむ,励む,努力,はげむ,頑張る
はげる,剥げる,脱落,はげる,なくなる
はさみ,鋏,剪刀,はさみ,ハサミ
はしら,柱,柱子,はしら,支柱
はしわたし,橋渡し,搭桥,はしわたし,仲介
はじ,恥,羞耻,はじ,恥ずかしさ
はじく,弾く,弹,はじく,打つ
はじめ,始め,开始,はじめ,最初
はじめまして,始めまして,初次见面,はじめまして,よろしく
はじらう,恥じらう,害羞,はじらう,恥ずかしがる
はじる,恥じる,感到羞耻,はじる,恥ずかしく思う
はす,蓮,莲花,はす,花
はず,筈,应该,はず,予定
はずむ,弾む,弹跳,はずむ,跳ねる
はそん,破損,破损,はそん,損傷
はた,機,织机,はた,機械
はたして,果たして,果然,はたして,本当に
はたす,果たす,完成,はたす,達成する
はだし,裸足,赤脚,はだし,素足
はちみつ,蜂蜜,蜂蜜,はちみつ,ハチミツ
はっくつ,発掘,发掘,はっくつ,掘り出す
はっせい,発生,发生,はっせい,起こる
はっそく,発足,成立,はっそく,開始
はつ,初,初,はつ,最初
はつ,発,发,はつ,出発
はついく,発育,发育,はついく,成長
はつが,発芽,发芽,はつが,芽が出る
はつげん,発言,发言,はつげん,話す
はつびょう,発病,发病,はつびょう,病気になる
はつみみ,初耳,初次听说,はつみみ,初めて聞く
はて,果て,尽头,はて,終わり
はてる,果てる,结束,はてる,終わる
はなしあい,話し合い,商谈,はなしあい,相談
はなはだ,甚だ,非常,はなはだ,とても
はなばなしい,華々しい,华丽,はなばなしい,派手
はなびら,花びら,花瓣,はなびら,花弁
はなやか,華やか,华丽,はなやか,派手
はばむ,阻む,阻挡,はばむ,妨げる
はま,浜,海滨,はま,海岸
はまべ,浜辺,海边,はまべ,海岸
はまる,填まる,嵌入,はまる,入る
はみがき,歯磨,刷牙,はみがき,歯ブラシ
はめる,填める,嵌入,はめる,入れる
はやす,生やす,长出,はやす,育てる
はやめる,早める,提早,はやめる,急ぐ
はやり,流行,流行,はやり,人気
はらだち,腹立ち,生气,はらだち,怒り
はらっぱ,原っぱ,原野,はらっぱ,草原
はりがみ,張り紙,张贴,はりがみ,ポスター
はるか,遥か,遥远,はるか,遠い
はれつ,破裂,破裂,はれつ,爆発
はれる,腫れる,肿胀,はれる,膨らむ
はん,班,班级,はん,グループ
はん,判,判断,はん,決定
はん,版,版本,はん,刷り
はんえい,繁栄,繁荣,はんえい,栄える
はんかん,反感,反感,はんかん,嫌悪
はんが,版画,版画,はんが,絵
はんきょう,反響,反响,はんきょう,響き
はんけつ,判決,判决,はんけつ,決定
はんげき,反撃,反击,はんげき,攻撃
はんしゃ,反射,反射,はんしゃ,反映
はんしょく,繁殖,繁殖,はんしょく,増える
はんじょう,繁盛,繁盛,はんじょう,栄える
はんする,反する,违反,はんする,逆らう
はんてい,判定,判定,はんてい,決める
はんのう,反応,反应,はんのう,応答
はんぱ,半端,不完整,はんぱ,中途半端
はんぱつ,反発,反发,はんぱつ,反抗
はんらん,反乱,叛乱,はんらん,反抗
はんらん,氾濫,泛滥,はんらん,洪水
ばいきん,黴菌,细菌,ばいきん,菌
ばいしょう,賠償,赔偿,ばいしょう,弁償
ばいりつ,倍率,倍率,ばいりつ,比率
ばかばかしい,馬鹿馬鹿しい,愚蠢,ばかばかしい,くだらない
ばからしい,馬鹿らしい,愚蠢,ばからしい,ばかばかしい
ばくぜん,漠然,模糊,ばくぜん,あいまい
ばくだん,爆弾,炸弹,ばくだん,爆薬
ばくは,爆破,爆破,ばくは,破壊
ばくろ,暴露,暴露,ばくろ,明かす
ばける,化ける,变化,ばける,変わる
ばち,罰,惩罚,ばち,処罰
ばつ,伐,砍伐,ばつ,切る
ばてる,ばてる,疲惫,ばてる,疲れる
ばね,発条,弹簧,ばね,スプリング
ばらまく,散蒔く,撒播,ばらまく,まく
ばん,判,判断,ばん,はん
ばん,万,万,ばん,一万
ばんじん,万人,万人,ばんじん,みんな
ばんのう,万能,万能,ばんのう,何でもできる
ばんめ,番目,第几,ばんめ,順番
ひ,非,非,ひ,否定
ひ,費,费用,ひ,お金
ひいては,延いては,进而,ひいては,さらに
ひかえしつ,控室,休息室,ひかえしつ,待合室
ひかえる,控える,控制,ひかえる,遠慮する
ひかん,悲観,悲观,ひかん,絶望
ひき,匹,只,ひき,頭
ひきあげる,引き上げる,提高,ひきあげる,上げる
ひきいる,率いる,率领,ひきいる,指導する
ひきうける,引き受ける,承担,ひきうける,受ける
ひきおこす,引き起こす,引起,ひきおこす,起こす
ひきさげる,引き下げる,降低,ひきさげる,下げる
ひきずる,引きずる,拖拉,ひきずる,引っ張る
ひきとる,引き取る,接收,ひきとる,受け取る
ひきわけ,引き分け,平局,ひきわけ,同点
ひけつ,否決,否决,ひけつ,拒否
ひこう,非行,不良行为,ひこう,悪い行い
ひごろ,日頃,平日,ひごろ,普段
ひさしい,久しい,久远,ひさしい,長い
ひさしぶり,久し振り,久违,ひさしぶり,長い間
ひさん,悲惨,悲惨,ひさん,かわいそう
ひしょ,秘書,秘书,ひしょ,助手
ひじゅう,比重,比重,ひじゅう,重要度
ひそか,密か,秘密,ひそか,内緒
ひたす,浸す,浸泡,ひたす,つける
ひたすら,一向,一心,ひたすら,ひたすら
ひだりきき,左利き,左撇子,ひだりきき,左手
ひっかく,引っ掻く,抓挠,ひっかく,掻く
ひっかける,引っ掛ける,挂上,ひっかける,掛ける
ひっしゅう,必修,必修,ひっしゅう,必須
ひってき,匹敵,匹敌,ひってき,対等
ひつじ,未,未,ひつじ,羊
ひつぜん,必然,必然,ひつぜん,当然
ひといき,一息,一口气,ひといき,休憩
ひとえ,単,单一,ひとえ,一重
ひとがら,人柄,人品,ひとがら,性格
ひところ,一頃,一时,ひところ,ある時期
ひとじち,人質,人质,ひとじち,捕虜
ひとすき,一筋,一条,ひとすき,一本
ひとまず,一まず,暂且,ひとまず,とりあえず
ひとりでに,一人でに,自然地,ひとりでに,自動的に
ひどい,酷い,残酷,ひどい,ひどい
ひどり,日取り,日期,ひどり,予定
ひな,雛,雏鸟,ひな,小鳥
ひなた,日向,向阳,ひなた,太陽
ひなん,非難,非难,ひなん,批判
ひなん,避難,避难,ひなん,逃げる
ひのまる,日の丸,日本国旗,ひのまる,国旗
ひばな,火花,火花,ひばな,火
ひび,日々,日日,ひび,毎日
ひめい,悲鳴,悲鸣,ひめい,叫び声
ひゃっかじてん,百科事典,百科全书,ひゃっかじてん,辞典
ひゃっかじてん,百科辞典,百科辞典,ひゃっかじてん,百科事典
ひやかす,冷やかす,取笑,ひやかす,からかう
ひやけ,日焼け,晒黑,ひやけ,日に焼ける
ひょう,票,票,ひょう,投票
ひょうご,標語,标语,ひょうご,スローガン
ひょっと,ひょっと,也许,ひょっと,もしかして
ひらたい,平たい,平坦,ひらたい,平ら
ひりつ,比率,比率,ひりつ,割合
ひりょう,肥料,肥料,ひりょう,栄養
ひれい,比例,比例,ひれい,割合
ひろう,疲労,疲劳,ひろう,疲れ
ひろまる,広まる,传播,ひろまる,広がる
ひんこん,貧困,贫困,ひんこん,貧乏
ひんしつ,品質,品质,ひんしつ,質
ひんしゅ,品種,品种,ひんしゅ,種類
ひんじゃく,貧弱,贫弱,ひんじゃく,弱い
ひんぱん,頻繁,频繁,ひんぱん,しばしば
び,美,美,び,美しさ
びしょう,微笑,微笑,びしょう,笑顔
びじゅつ,美術,美术,びじゅつ,芸術
びっくり,吃驚,吃惊,びっくり,驚く
びっしょり,びっしょり,湿透,びっしょり,ずぶ濡れ
びょうしゃ,描写,描写,びょうしゃ,表現
びり,びり,最后,びり,最下位
びりょう,微量,微量,びりょう,少量
びんかん,敏感,敏感,びんかん,鋭い
びんぼう,貧乏,贫穷,びんぼう,貧困
ふ,歩,步,ふ,歩く
ふい,不意,不意,ふい,突然
ふう,封,封,ふう,封じる
ふうさ,封鎖,封锁,ふうさ,閉鎖
ふうしゅう,風習,风俗,ふうしゅう,習慣
ふうぞく,風俗,风俗,ふうぞく,習慣
ふうど,風土,风土,ふうど,土地柄
ふかけつ,不可欠,不可缺,ふかけつ,必要
ふかめる,深める,加深,ふかめる,深くする
ふきつ,不吉,不吉,ふきつ,悪い
ふきょう,不況,不景气,ふきょう,景気が悪い
ふきん,布巾,抹布,ふきん,タオル
ふく,福,福,ふく,幸せ
ふくきゅう,復旧,恢复,ふくきゅう,回復
ふくごう,複合,复合,ふくごう,組み合わせ
ふくし,福祉,福利,ふくし,幸福
ふくめん,覆面,蒙面,ふくめん,マスク
ふくれる,膨れる,膨胀,ふくれる,大きくなる
ふけいき,不景気,不景气,ふけいき,不況
ふける,老ける,变老,ふける,年を取る
ふこく,布告,布告,ふこく,発表
ふごう,富豪,富豪,ふごう,金持ち
ふさい,負債,负债,ふさい,借金
ふさわしい,相応しい,相称,ふさわしい,適当
ふざい,不在,不在,ふざい,いない
ふざける,不山戯る,开玩笑,ふざける,ふざける
ふしょう,負傷,负伤,ふしょう,怪我
ふしん,不審,可疑,ふしん,疑わしい
ふしん,不振,不振,ふしん,調子が悪い
ふじゅん,不順,不顺,ふじゅん,順調でない
ふぞく,付属,附属,ふぞく,付く
ふたん,負担,负担,ふたん,重荷
ふちょう,不調,不调,ふちょう,調子が悪い
ふっかつ,復活,复活,ふっかつ,生き返る
ふっこう,復興,复兴,ふっこう,立て直し
ふっとう,沸騰,沸腾,ふっとう,沸く
ふつ,仏,佛,ふつ,仏様
ふとう,不当,不当,ふとう,正しくない
ふどうさん,不動産,不动产,ふどうさん,土地建物
ふにん,赴任,赴任,ふにん,就任
ふはい,腐敗,腐败,ふはい,腐る
ふひょう,不評,不好评,ふひょう,評判が悪い
ふびん,不便,不便,ふびん,便利でない
ふふく,不服,不服,ふふく,納得しない
ふへん,普遍,普遍,ふへん,一般的
ふまえる,踏まえる,基于,ふまえる,基づく
ふみ,文,文章,ふみ,手紙
ふめい,不明,不明,ふめい,分からない
ふよう,扶養,扶养,ふよう,養う
ふり,振り,摆动,ふり,動き
ふりだし,振り出し,起点,ふりだし,始まり
ふりょう,不良,不良,ふりょう,悪い
ふりょく,浮力,浮力,ふりょく,浮く力
ふるわせる,震わせる,震动,ふるわせる,揺らす
ふろく,付録,附录,ふろく,おまけ
ふん,分,分钟,ふん,時間
ふんがい,憤慨,愤慨,ふんがい,怒り
ふんしつ,紛失,丢失,ふんしつ,なくす
ふんしゅつ,噴出,喷出,ふんしゅつ,出る
ふんそう,紛争,纷争,ふんそう,争い
ふんだん,ふんだん,丰富,ふんだん,たくさん
ふんとう,奮闘,奋斗,ふんとう,頑張る
ふんまつ,粉末,粉末,ふんまつ,粉
ぶ,部,部,ぶ,部分
ぶか,部下,部下,ぶか,下の人
ぶかぶか,ぶかぶか,宽松,ぶかぶか,大きすぎる
ぶじょく,侮辱,侮辱,ぶじょく,馬鹿にする
ぶそう,武装,武装,ぶそう,武器を持つ
ぶち,斑,斑点,ぶち,模様
ぶっし,物資,物资,ぶっし,物
ぶったい,物体,物体,ぶったい,物
ぶつぎ,物議,物议,ぶつぎ,議論
ぶつける,打付ける,撞击,ぶつける,当てる
ぶつぞう,仏像,佛像,ぶつぞう,像
ぶなん,無難,无难,ぶなん,安全
ぶもん,部門,部门,ぶもん,部署
ぶらさげる,ぶら下げる,悬挂,ぶらさげる,吊るす
ぶらぶら,ぶらぶら,闲逛,ぶらぶら,のんびり
ぶりょく,武力,武力,ぶりょく,力
ぶれい,無礼,无礼,ぶれい,失礼
ぶんかざい,文化財,文化财,ぶんかざい,文化遺産
ぶんぎょう,分業,分工,ぶんぎょう,専門化
ぶんご,文語,文语,ぶんご,書き言葉
ぶんさん,分散,分散,ぶんさん,散らばる
ぶんし,分子,分子,ぶんし,要素
ぶんしょ,文書,文书,ぶんしょ,書類
ぶんたん,分担,分担,ぶんたん,分ける
ぶんぱい,分配,分配,ぶんぱい,配る
ぶんぼ,分母,分母,ぶんぼ,分数の下
ぶんり,分離,分离,ぶんり,離す
ぶんれつ,分裂,分裂,ぶんれつ,割れる
へいき,兵器,兵器,へいき,武器
へいこう,閉口,闭口,へいこう,困る
へいこう,平行,平行,へいこう,並行
へいさ,閉鎖,闭锁,へいさ,閉める
へいし,兵士,士兵,へいし,軍人
へいじょう,平常,平常,へいじょう,普通
へいほう,平方,平方,へいほう,二乗
へいれつ,並列,并列,へいれつ,並ぶ
へきえき,辟易,厌恶,へきえき,嫌になる
へそ,臍,肚脐,へそ,おへそ
へだたる,隔たる,相隔,へだたる,離れる
へりくだる,謙る,谦逊,へりくだる,謙遜する
へる,経る,经过,へる,通る
へん,編,编,へん,作る
へん,偏,偏,へん,かたより
へんかく,変革,变革,へんかく,改革
へんかん,返還,归还,へんかん,返す
へんけん,偏見,偏见,へんけん,先入観
へんさい,返済,偿还,へんさい,返す
へんせん,変遷,变迁,へんせん,変化
へんとう,返答,回答,へんとう,答え
へんどう,変動,变动,へんどう,変化
べんかい,弁解,辩解,べんかい,言い訳
べんぎ,便宜,便宜,べんぎ,都合
べんご,弁護,辩护,べんご,守る
べんしょう,弁償,赔偿,べんしょう,償う
べんろん,弁論,辩论,べんろん,議論
ぺこぺこ,ぺこぺこ,饿得很,ぺこぺこ,お腹が空く
ほ,穂,穗,ほ,稲の実
ほいく,保育,保育,ほいく,育てる
ほう,倣,效仿,ほう,まねる
ほうあん,法案,法案,ほうあん,法律案
ほうかい,崩壊,崩坏,ほうかい,壊れる
ほうがく,法学,法学,ほうがく,法律の学問
ほうき,放棄,放弃,ほうき,諦める
ほうき,宝器,宝器,ほうき,宝物
ほうけん,封建,封建,ほうけん,昔の制度
ほうさく,豊作,丰收,ほうさく,収穫が多い
ほうさく,方策,方策,ほうさく,方法
ほうし,奉仕,奉献,ほうし,サービス
ほうしき,方式,方式,ほうしき,やり方
ほうしゃ,放射,放射,ほうしゃ,放つ
ほうしゃのう,放射能,放射能,ほうしゃのう,放射線
ほうしゅう,報酬,报酬,ほうしゅう,給料
ほうしゅつ,放出,放出,ほうしゅつ,排出
ほうじる,報じる,报道,ほうじる,知らせる
ほうずる,報ずる,报告,ほうずる,報じる
ほうち,放置,放置,ほうち,そのまま
ほうてい,法廷,法庭,ほうてい,裁判所
ほうどう,報道,报道,ほうどう,ニュース
ほうび,褒美,奖赏,ほうび,ご褒美
ほうむる,葬る,埋葬,ほうむる,埋める
ほうりこむ,放り込む,扔进,ほうりこむ,投げ込む
ほうりだす,放り出す,扔出,ほうりだす,投げ出す
ほうわ,飽和,饱和,ほうわ,満杯
ほおん,保温,保温,ほおん,温める
ほかく,捕獲,捕获,ほかく,捕まえる
ほかん,保管,保管,ほかん,保存
ほきゅう,補給,补给,ほきゅう,供給
ほきょう,補強,补强,ほきょう,強化
ほけん,保険,保险,ほけん,保障
ほげい,捕鯨,捕鲸,ほげい,クジラ漁
ほこる,誇る,自豪,ほこる,自慢する
ほころびる,綻びる,绽开,ほころびる,ほつれる
ほご,保護,保护,ほご,守る
ほし,乾,干燥,ほし,乾燥
ほしもの,干し物,晾晒物,ほしもの,洗濯物
ほしゅ,保守,保守,ほしゅ,維持
ほしょう,保障,保障,ほしょう,保証
ほしょう,補償,补偿,ほしょう,保障
ほじゅう,補充,补充,ほじゅう,補給
ほじょ,補助,补助,ほじょ,手伝い
ほそう,舗装,铺装,ほそう,道路工事
ほそく,補足,补充,ほそく,追加
ほっさ,発作,发作,ほっさ,急に起こる
ほっと,ほっと,松了口气,ほっと,安心
ほっぺた,頬っぺた,脸颊,ほっぺた,頬
ほとり,辺り,附近,ほとり,そば
ほとんど,殆ど,几乎,ほとんど,大部分
ほどく,解く,解开,ほどく,ほどける
ほどこす,施す,施行,ほどこす,与える
ほぼ,保母,保育员,ほぼ,保育士
ほよう,保養,疗养,ほよう,休養
ほり,捕吏,捕快,ほり,警察
ほりょ,捕虜,俘虏,ほりょ,囚人
ほろびる,滅びる,灭亡,ほろびる,なくなる
ほろぼす,滅ぼす,消灭,ほろぼす,破壊する
ほんかく,本格,正宗,ほんかく,本当
ほんかん,本館,本馆,ほんかん,メイン
ほんき,本気,认真,ほんき,真剣
ほんしつ,本質,本质,ほんしつ,本当の姿
ほんたい,本体,本体,ほんたい,本物
ほんね,本音,真心话,ほんね,建前
ほんの,本の,只是,ほんの,ちょっと
ほんのう,本能,本能,ほんのう,自然
ほんば,本場,本场,ほんば,本当の場所
ほんぶん,本文,正文,ほんぶん,内容
ほんみょう,本名,本名,ほんみょう,実名
ぼう,卯,卯,ぼう,干支
ぼうえい,防衛,防卫,ぼうえい,守る
ぼうか,防火,防火,ぼうか,火事予防
ぼうがい,妨害,妨害,ぼうがい,邪魔
ぼうせき,紡績,纺织,ぼうせき,糸作り
ぼうぜん,呆然,呆然,ぼうぜん,ぼんやり
ぼうちょう,膨脹,膨胀,ぼうちょう,膨らむ
ぼうとう,冒頭,开头,ぼうとう,始まり
ぼうどう,暴動,暴动,ぼうどう,騒ぎ
ぼうふう,暴風,暴风,ぼうふう,強い風
ぼうりょく,暴力,暴力,ぼうりょく,力
ぼきん,募金,募捐,ぼきん,寄付
ぼくし,牧師,牧师,ぼくし,神父
ぼこう,母校,母校,ぼこう,出身校
ぼっしゅう,没収,没收,ぼっしゅう,取り上げ
ぼっちゃん,坊ちゃん,少爷,ぼっちゃん,お坊さん
ぼつぼつ,ぼつぼつ,渐渐,ぼつぼつ,だんだん
ぼつらく,没落,没落,ぼつらく,衰える
ぼやく,ぼやく,抱怨,ぼやく,愚痴を言う
ぼやける,ぼやける,模糊,ぼやける,はっきりしない
ぼろ,藍褸,破布,ぼろ,古い布
まい,枚,张,まい,数える単位
まいぞう,埋蔵,埋藏,まいぞう,地下にある
まう,舞う,舞蹈,まう,踊る
まうえ,真上,正上方,まうえ,上
まえうり,前売り,预售,まえうり,先に売る
まえおき,前置き,前言,まえおき,はじめの言葉
まえもって,前もって,事先,まえもって,あらかじめ
まかす,任す,委托,まかす,頼む
まかす,負かす,打败,まかす,勝つ
まかなう,賄う,供应,まかなう,用意する
まがる,曲がる,弯曲,まがる,曲げる
まき,巻,卷,まき,巻く
まぎらわしい,紛らわしい,容易混淆,まぎらわしい,分かりにくい
まぎれる,紛れる,混入,まぎれる,混じる
まく,膜,膜,まく,薄い皮
まくる,捲る,卷起,まくる,巻き上げる
まこころ,真心,真心,まこころ,誠意
まこと,誠,诚实,まこと,本当
まことに,真に,真的,まことに,本当に
まごつく,まごつく,慌张,まごつく,困る
まさしく,正しく,正确地,まさしく,確かに
まさに,正に,正是,まさに,ちょうど
まさる,勝る,胜过,まさる,優れる
まし,増し,增加,まし,多い
ました,真下,正下方,ました,下
まして,況して,何况,まして,なおさら
まじえる,交える,交流,まじえる,混ぜる
まじわる,交わる,交往,まじわる,付き合う
ますい,麻酔,麻醉,ますい,眠らせる薬
ますます,益々,越来越,ますます,だんだん
まずい,不味い,难吃,まずい,おいしくない
また,股,胯部,また,足の間
またがる,跨がる,跨越,またがる,またぐ
またぐ,跨ぐ,跨过,またぐ,またがる
またたき,瞬き,眨眼,またたき,まばたき
まちあわせ,待ち合わせ,约会,まちあわせ,約束
まちがう,間違う,弄错,まちがう,違う
まちどおしい,待ち遠しい,盼望,まちどおしい,楽しみ
まちのぞむ,待ち望む,期待,まちのぞむ,期待する
まちまち,区々,各不相同,まちまち,バラバラ
まっき,末期,末期,まっき,最後
まっぷたつ,真っ二つ,一分为二,まっぷたつ,半分
まと,的,靶子,まと,目標
まとまり,纏まり,整理,まとまり,まとめ
まとめ,纏め,总结,まとめ,まとまり
まぬかれる,免れる,免于,まぬかれる,逃れる
まねき,招き,招待,まねき,呼ぶ
まひ,麻痺,麻痹,まひ,しびれ
まぶしい,眩しい,刺眼,まぶしい,明るい
まぶた,目蓋,眼皮,まぶた,まつげ
まま,間々,有时,まま,時々
まもなく,間もなく,不久,まもなく,すぐに
まゆ,眉,眉毛,まゆ,まつげ
まり,鞠,球,まり,ボール
まるごと,丸ごと,整个,まるごと,全部
まるっきり,丸っきり,完全,まるっきり,全然
まるで,丸で,简直,まるで,まったく
まるまる,丸々,圆圆的,まるまる,全部
まるめる,丸める,弄圆,まるめる,丸くする
まんげつ,満月,满月,まんげつ,新月
まんじょう,満場,满场,まんじょう,全員
まんなか,真ん中,正中间,まんなか,中央
まんまえ,真ん前,正前方,まんまえ,前
まんまるい,真ん丸い,圆圆的,まんまるい,丸い
み,三,三,み,数字
みあい,見合い,相亲,みあい,お見合い
みあわせる,見合わせる,暂停,みあわせる,中止する
みおとす,見落とす,遗漏,みおとす,見逃す
みかい,未開,未开发,みかい,開発されていない
みかく,味覚,味觉,みかく,味
みかける,見掛ける,看见,みかける,見つける
みかずき,三日月,新月,みかずき,満月
みかた,見方,看法,みかた,考え方
みぐるしい,見苦しい,难看,みぐるしい,醜い
みこみ,見込み,前景,みこみ,期待
みこん,未婚,未婚,みこん,結婚
みじめ,惨め,悲惨,みじめ,かわいそう
みじゅく,未熟,未成熟,みじゅく,成熟
みじん,微塵,微尘,みじん,少し
みすぼらしい,見すぼらしい,寒酸,みすぼらしい,みっともない
みせびらかす,見せびらかす,炫耀,みせびらかす,自慢する
みせもの,見せ物,表演,みせもの,ショー
みたす,満たす,满足,みたす,いっぱいにする
みだす,乱す,弄乱,みだす,めちゃくちゃにする
みだれる,乱れる,混乱,みだれる,めちゃくちゃになる
みち,未知,未知,みち,知らない
みちびく,導く,引导,みちびく,案内する
みぢか,身近,身边,みぢか,近い
みっしゅう,密集,密集,みっしゅう,集まる
みっせつ,密接,密切,みっせつ,近い
みっともない,見っともない,难看,みっともない,みすぼらしい
みつ,蜜,蜜,みつ,甘い
みつど,密度,密度,みつど,濃さ
みつもり,見積り,估价,みつもり,計算
みてい,未定,未定,みてい,決まっていない
みとおし,見通し,前景,みとおし,将来
みなもと,源,源头,みなもと,始まり
みなり,身なり,打扮,みなり,服装
みね,峰,山峰,みね,山頂
みのがす,見逃す,错过,みのがす,見落とす
みはらし,見晴らし,眺望,みはらし,景色
みぶり,身振り,手势,みぶり,ジェスチャー
みまい,見舞,探望,みまい,お見舞い
みゃく,脈,脉搏,みゃく,心臓
みれん,未練,留恋,みれん,諦められない
みわたす,見渡す,眺望,みわたす,見回す
みんしゅ,民主,民主,みんしゅ,民主主義
みんしゅく,民宿,民宿,みんしゅく,旅館
みんぞく,民族,民族,みんぞく,人種
みんぞく,民俗,民俗,みんぞく,民族
む,六,六,む,数字
むいみ,無意味,无意义,むいみ,意味がない
むき,向き,方向,むき,方向
むくち,無口,沉默,むくち,話さない
むけ,向け,面向,むけ,方向
むこ,婿,女婿,むこ,夫
むこう,無効,无效,むこう,効果がない
むごん,無言,无言,むごん,黙る
むしる,毟る,拔,むしる,取る
むじゃき,無邪気,天真,むじゃき,純真
むすび,結び,结,むすび,結ぶこと
むすびつき,結び付き,联系,むすびつき,関係
むすびつく,結び付く,联系,むすびつく,つながる
むすびつける,結び付ける,联系,むすびつける,つなげる
むせん,無線,无线,むせん,ラジオ
むだづかい,無駄遣い,浪费,むだづかい,無駄
むだん,無断,擅自,むだん,勝手に
むち,無知,无知,むち,知らない
むちゃ,無茶,胡来,むちゃ,めちゃくちゃ
むちゃくちゃ,無茶苦茶,乱七八糟,むちゃくちゃ,めちゃくちゃ
むなしい,空しい,空虚,むなしい,寂しい
むねん,無念,遗憾,むねん,残念
むのう,無能,无能,むのう,能力がない
むやみに,無闇に,胡乱地,むやみに,でたらめに
むよう,無用,无用,むよう,必要ない
むらがる,群がる,聚集,むらがる,集まる
むろん,無論,当然,むろん,もちろん
めいさん,名産,名产,めいさん,特産
めいしょう,名称,名称,めいしょう,名前
めいちゅう,命中,命中,めいちゅう,当たる
めいぼ,名簿,名册,めいぼ,リスト
めいよ,名誉,名誉,めいよ,誇り
めいりょう,明瞭,明了,めいりょう,はっきり
めいろう,明朗,开朗,めいろう,明るい
めかた,目方,重量,めかた,重さ
めぐみ,恵み,恩惠,めぐみ,恩
めぐむ,恵む,施恩,めぐむ,与える
めざましい,目覚しい,显著,めざましい,すばらしい
めざめる,目覚める,醒来,めざめる,起きる
めす,召す,召唤,めす,呼ぶ
めす,雌,雌性,めす,オス
めちゃくちゃ,滅茶苦茶,乱七八糟,めちゃくちゃ,むちゃくちゃ
めつき,目付き,眼神,めつき,目つき
めつぼう,滅亡,灭亡,めつぼう,滅びる
めでたい,愛でたい,可喜,めでたい,おめでたい
めまい,目眩,眩晕,めまい,ふらつき
めもり,目盛,刻度,めもり,スケール
めんかい,面会,会面,めんかい,会う
めんじょ,免除,免除,めんじょ,免れる
めんする,面する,面对,めんする,向かう
めんぼく,面目,面子,めんぼく,顔
もうける,設ける,设立,もうける,作る
もうしいれる,申し入れる,申请,もうしいれる,申し込む
もうしこみ,申し込み,申请,もうしこみ,申し入れ
もうしで,申出,申请,もうしで,申し込み
もうしでる,申し出る,提出,もうしでる,申し込む
もうしぶん,申し分,无可挑剔,もうしぶん,完璧
もうてん,盲点,盲点,もうてん,見えない所
もうれつ,猛烈,猛烈,もうれつ,激しい
もがく,藻掻く,挣扎,もがく,苦しむ
もくろく,目録,目录,もくろく,リスト
もくろみ,目論見,打算,もくろみ,計画
もけい,模型,模型,もけい,モデル
もさく,模索,摸索,もさく,探す
もし,若し,如果,もし,もしも
もしかしたら,若しかしたら,也许,もしかしたら,ひょっとしたら
もしかして,若しかして,也许,もしかして,もしかしたら
もしかすると,若しかすると,也许,もしかすると,もしかして
もしくは,若しくは,或者,もしくは,または
もしも,若しも,如果,もしも,もし
もたらす,齎らす,带来,もたらす,持って来る
もたれる,凭れる,靠着,もたれる,寄りかかる
もち,持ち,持有,もち,持つこと
もちきり,持ち切り,热门话题,もちきり,話題
もったいない,物体ない,可惜,もったいない,惜しい
もって,以て,用,もって,使って
もっぱら,専ら,专门,もっぱら,主に
もてなす,持て成す,招待,もてなす,接待する
もてる,持てる,受欢迎,もてる,人気がある
もとい,基,基础,もとい,基礎
ものおき,物置き,储藏室,ものおき,倉庫
ものずき,物好き,好奇,ものずき,変わった趣味
ものたりない,物足りない,不满足,ものたりない,足りない
もはや,最早,已经,もはや,もう
もはん,模範,模范,もはん,手本
もほう,模倣,模仿,もほう,まね
もめる,揉める,争吵,もめる,けんかする
もも,腿,大腿,もも,足
もよおす,催す,举办,もよおす,開く
もらす,漏らす,泄露,���らす,こぼす
もりあがる,盛り上がる,高涨,もりあがる,盛んになる
もる,漏る,漏,もる,もれる
もれる,漏れる,漏,もれる,もる
もろい,脆い,脆弱,もろい,弱い
もろに,もろに,直接地,もろに,まともに
もん,問,问题,もん,質問
や,矢,箭,や,弓矢
や,哉,啊,や,感嘆詞
やかましい,喧しい,吵闹,やかましい,うるさい
やがい,野外,野外,やがい,外
やがて,軈て,不久,やがて,そのうち
やぎょう,夜行,夜行,やぎょう,夜中の行動
やくしょく,役職,职务,やくしょく,地位
やくだつ,役立つ,有用,やくだつ,便利
やくば,役場,政府机关,やくば,市役所
やぐ,夜具,夜具,やぐ,寝具
やさ,優,温柔,やさ,優しい
やしき,屋敷,宅邸,やしき,家
やしなう,養う,养育,やしなう,育てる
やしろ,社,神社,やしろ,神社
やしん,野心,野心,やしん,欲望
やすい,易い,容易,やすい,簡単
やすっぽい,安っぽい,廉价,やすっぽい,安い
やすめる,休める,让休息,やすめる,休ませる
やせい,野生,野生,やせい,自然
やたらに,矢鱈に,胡乱地,やたらに,むやみに
やちゅう,夜中,夜里,やちゅう,深夜
やっこ,奴,家伙,やっこ,やつ
やっつける,やっ付ける,打败,やっつける,倒す
やっぱり,矢っ張り,果然,やっぱり,やはり
やとう,野党,在野党,やとう,与党
やまい,病,疾病,やまい,病気
やみ,闇,黑暗,やみ,暗闇
やむ,病む,患病,やむ,病気になる
やむをえない,止むを得ない,不得已,やむをえない,仕方がない
やや,稍,稍微,やや,少し
ややこしい,ややこしい,复杂,ややこしい,複雑
やりとおす,遣り通す,坚持到底,やりとおす,最後まで
やりとげる,やり遂げる,完成,やりとげる,成し遂げる
やる,遣る,做,やる,する
やわらげる,和らげる,缓解,やわらげる,柔らかくする
ゆうい,優位,优势,ゆうい,有利
ゆううつ,憂鬱,忧郁,ゆううつ,憂い
ゆうえき,有益,有益,ゆうえき,役に立つ
ゆうえつ,優越,优越,ゆうえつ,優れる
ゆうかん,勇敢,勇敢,ゆうかん,勇気
ゆうき,有機,有机,ゆうき,無機
ゆうぐれ,夕暮れ,黄昏,ゆうぐれ,夕方
ゆうし,融資,融资,ゆうし,貸付
ゆうする,有する,拥有,ゆうする,持つ
ゆうずう,融通,融通,ゆうずう,都合
ゆうせい,優勢,优势,ゆうせい,劣勢
ゆうせん,優先,优先,ゆうせん,後回し
ゆうどう,誘導,诱导,ゆうどう,案内
ゆうび,優美,优美,ゆうび,美しい
ゆうぼう,有望,有望,ゆうぼう,期待できる
ゆうぼく,遊牧,游牧,ゆうぼく,牧畜
ゆうやけ,夕焼け,晚霞,ゆうやけ,朝焼け
ゆうりょく,有力,有力,ゆうりょく,力がある
ゆうれい,幽霊,幽灵,ゆうれい,お化け
ゆうわく,誘惑,诱惑,ゆうわく,魅力
ゆさぶる,揺さぶる,摇动,ゆさぶる,揺らす
ゆでる,茹でる,煮,ゆでる,煮る
ゆとり,ゆとり,余裕,ゆとり,余裕
ゆびさす,指差す,指着,ゆびさす,指す
ゆみ,弓,弓,ゆみ,矢
ゆらぐ,揺らぐ,摇摆,ゆらぐ,揺れる
ゆるむ,緩む,松弛,ゆるむ,緩くなる
ゆるめる,緩める,放松,ゆるめる,緩くする
ゆるやか,緩やか,缓慢,ゆるやか,ゆっくり
よ,世,世界,よ,時代
よい,好い,好,よい,良い
よういん,要因,要因,よういん,原因
ようえき,溶液,溶液,ようえき,液体
ようけん,用件,用事,ようけん,用事
ようご,養護,养护,ようご,保護
ようし,用紙,用纸,ようし,紙
ようしき,様式,样式,ようしき,スタイル
ようする,要する,需要,ようする,必要とする
ようせい,要請,要求,ようせい,依頼
ようせい,養成,培养,ようせい,育成
ようそう,様相,样子,ようそう,様子
ようひん,用品,用品,ようひん,道具
ようふう,洋風,西式,ようふう,和風
ようほう,用法,用法,ようほう,使い方
ようぼう,要望,要求,ようぼう,希望
よか,余暇,余暇,よか,暇
よかん,予感,预感,よかん,予想
よきょう,余興,余兴,よきょう,娯楽
よきん,預金,存款,よきん,貯金
よくあつ,抑圧,压制,よくあつ,圧迫
よくしつ,浴室,浴室,よくしつ,風呂場
よくせい,抑制,抑制,よくせい,制御
よくふかい,欲深い,贪心,よくふかい,欲張り
よくぼう,欲望,欲望,よくぼう,欲求
よこす,寄こす,给我,よこす,くれる
よこづな,横綱,横纲,よこづな,大関
よし,葦,芦苇,よし,草
よしあし,善し悪し,好坏,よしあし,良し悪し
よそう,予想,预想,よそう,予測
よそみ,余所見,分心,よそみ,よそ見
よち,余地,余地,よち,空間
よって,依って,因此,よって,だから
よっぽど,余程,相当,よっぽど,かなり
よとう,与党,执政党,よとう,野党
よびとめる,呼び止める,叫住,よびとめる,呼ぶ
よふかし,夜更かし,熬夜,よふかし,夜更け
よふけ,夜更け,深夜,よふけ,夜中
よみあげる,読み上げる,朗读,よみあげる,読む
よりかかる,寄り掛かる,靠着,よりかかる,もたれる
よわまる,弱まる,变弱,よわまる,弱くなる
よわめる,弱める,削弱,よわめる,弱くする
よわる,弱る,衰弱,よわる,弱くなる
らいじょう,来場,到场,らいじょう,来る
らくのう,酪農,畜牧业,らくのう,牧畜
らっか,落下,下落,らっか,落ちる
らっかん,楽観,乐观,らっかん,悲観
らんよう,濫用,滥用,らんよう,悪用
りくつ,理屈,道理,りくつ,論理
りこん,利根,聪明,りこん,賢い
りし,利子,利息,りし,利息
りじゅん,利潤,利润,りじゅん,利益
りせい,理性,理性,りせい,感情
りそく,利息,利息,りそく,利子
りったい,立体,立体,りったい,平面
りっぽう,立法,立法,りっぽう,司法
りてん,利点,优点,りてん,欠点
りゃくご,略語,缩略语,りゃくご,省略
りゃくだつ,略奪,掠夺,りゃくだつ,奪う
りゅう,流,流派,りゅう,派
りゅうつう,流通,流通,りゅうつう,配給
りょう,了,了解,りょう,分かる
りょう,料,费用,りょう,代金
りょういき,領域,领域,りょういき,範囲
りょうかい,了解,了解,りょうかい,理解
りょうかい,領海,领海,りょうかい,領土
りょうきょく,両極,两极,りょうきょく,極端
りょうこう,良好,良好,りょうこう,悪い
りょうしき,良識,良识,りょうしき,常識
りょうしつ,良質,优质,りょうしつ,悪質
りょうしょう,了承,了承,りょうしょう,承諾
りょうしん,良心,良心,りょうしん,道徳心
りょうち,領地,领地,りょうち,土地
りょうど,領土,领土,りょうど,国土
りょうりつ,両立,两立,りょうりつ,共存
りょかく,旅客,旅客,りょかく,乗客
りょけん,旅券,护照,りょけん,パスポート
りれき,履歴,履历,りれき,経歴
りろん,理論,理论,りろん,実践
りん,輪,轮,りん,円
りんぎょう,林業,林业,りんぎょう,農業
るいじ,類似,类似,るいじ,似ている
るいすい,類推,类推,るいすい,推測
れいこく,冷酷,冷酷,れいこく,残酷
れいぞう,冷蔵,冷藏,れいぞう,冷凍
れいたん,冷淡,冷淡,れいたん,冷たい
れんあい,恋愛,恋爱,れんあい,愛情
れんきゅう,連休,连休,れんきゅう,休暇
れんじつ,連日,连日,れんじつ,毎日
れんじゅう,連中,一伙人,れんじゅう,仲間
れんたい,連帯,连带,れんたい,団結
れんぽう,連邦,联邦,れんぽう,国家
れんめい,連盟,联盟,れんめい,同盟
ろうすい,老衰,老衰,ろうすい,衰弱
ろうどく,朗読,朗读,ろうどく,音読
ろうひ,浪費,浪费,ろうひ,無駄遣い
ろうりょく,労力,劳力,ろうりょく,努力
ろくな,碌な,像样的,ろくな,まともな
ろくに,碌に,好好地,ろくに,ちゃんと
ろこつ,露骨,露骨,ろこつ,あからさま
ろんぎ,論議,论议,ろんぎ,議論
ろんり,論理,逻辑,ろんり,理屈
わ,和,和,わ,平和
わがまま,我がまま,任性,わがまま,自分勝手
わく,枠,框架,わく,枠組み
わくせい,惑星,行星,わくせい,星
わざ,技,技巧,わざ,技術
わざと,態と,故意,わざと,わざわざ
わざわざ,態々,特意,わざわざ,わざと
わずらわしい,煩わしい,麻烦,わずらわしい,面倒
わたりどり,渡り鳥,候鸟,わたりどり,留鳥
わび,詫び,道歉,わび,謝罪
わふう,和風,日式,わふう,洋風
わぶん,和文,日文,わぶん,英文
わら,藁,稻草,わら,草
わりあいに,割合に,相当地,わりあいに,かなり
わりあて,割り当て,分配,わりあて,配分
わりこむ,割り込む,插入,わりこむ,入り込む
わりざん,割り算,除法,わりざん,掛け算
わりびき,割引き,折扣,わりびき,値引き
わるもの,悪者,坏人,わるもの,悪人
アイデア,アイデア,想法,アイデア,考え
アクセル,アクセル,油门,アクセル,ブレーキ
アップ,アップ,向上,アップ,ダウン
アプローチ,アプローチ,方法,アプローチ,方式
アマチュア,アマチュア,业余,アマチュア,プロ
アラブ,アラブ,阿拉伯,アラブ,中東
アルカリ,アルカリ,碱性,アルカリ,酸性
アルミ,アルミ,铝,アルミ,鉄
アワー,アワー,小时,アワー,時間
アンケート,アンケート,问卷,アンケート,調査
アンコール,アンコール,再来一次,アンコール,もう一度
イエス,イエス,是的,イエス,ノー
インターチェンジ,インターチェンジ,立交桥,インターチェンジ,交差点
インターナショナル,インターナショナル,国际的,インターナショナル,国内
インターフォン,インターフォン,对讲机,インターフォン,電話
インテリ,インテリ,知识分子,インテリ,知識人
インフォメーション,インフォメーション,信息,インフォメーション,情報
インフレ,インフレ,通胀,インフレ,デフレ
ウェートレス,ウェートレス,女服务员,ウェートレス,ウェーター
エアメール,エアメール,航空邮件,エアメール,普通郵便
エレガント,エレガント,优雅,エレガント,上品
エンジニア,エンジニア,工程师,エンジニア,技術者
オーケー,オーケー,好的,オーケー,ダメ
オートマチック,オートマチック,自动的,オートマチック,手動
オープン,オープン,开放,オープン,クローズ
オリエンテーション,オリエンテーション,指导,オリエンテーション,説明会
オレンジ,オレンジ,橙色,オレンジ,みかん
オンライン,オンライン,在线,オンライン,オフライン
カーペット,カーペット,地毯,カーペット,じゅうたん
カクテル,カクテル,鸡尾酒,カクテル,お酒
カット,カット,剪切,カット,切る
カテゴリー,カテゴリー,类别,カテゴリー,分類
カムバック,カムバック,回来,カムバック,復帰
カメラマン,カメラマン,摄影师,カメラマン,写真家
カルテ,カルテ,病历,カルテ,診察券
カンニング,カンニング,作弊,カンニング,不正行為
ガイド,ガイド,导游,ガイド,案内
ガイドブック,ガイドブック,指南,ガイドブック,案内書
ガレージ,ガレージ,车库,ガレージ,駐車場
キャッチ,キャッチ,接住,キャッチ,捕る
キャリア,キャリア,职业,キャリア,経歴
クイズ,クイズ,问答,クイズ,質問
クラブ,クラブ,俱乐部,クラブ,サークル
クレーン,クレーン,起重机,クレーン,重機
グラフ,グラフ,图表,グラフ,表
グレー,グレー,灰色,グレー,灰色
ゲスト,ゲスト,客人,ゲスト,お客
コーナー,コーナー,角落,コーナー,隅
コマーシャル,コマーシャル,广告,コマーシャル,CM
コミュニケーション,コミュニケーション,交流,コミュニケーション,会話
コメント,コメント,评论,コメント,意見
コンタクト,コンタクト,联系,コンタクト,連絡
コンテスト,コンテスト,比赛,コンテスト,競争
コントラスト,コントラスト,对比,コントラスト,対照
コントロール,コントロール,控制,コントロール,制御
コンパス,コンパス,指南针,コンパス,方位磁針
サイクル,サイクル,循环,サイクル,周期
サイズ,サイズ,尺寸,サイズ,大きさ
サボる,サボる,偷懒,サボる,怠ける
サンキュー,サンキュー,谢谢,サンキュー,ありがとう
サンタクロース,サンタクロース,圣诞老人,サンタクロース,クリスマス
シート,シート,座位,シート,席
システム,システム,系统,システム,仕組み
シック,シック,时髦,シック,おしゃれ
シナリオ,シナリオ,剧本,シナリオ,脚本
ショー,ショー,表演,ショー,公演
ショック,ショック,冲击,ショック,驚き
ジーパン,ジーパン,牛仔裤,ジーパン,デニム
ジャズ,ジャズ,爵士乐,ジャズ,音楽
ジャンパー,ジャンパー,夹克,ジャンパー,コート
ジャンプ,ジャンプ,跳跃,ジャンプ,飛ぶ
ジャンボ,ジャンボ,巨大,ジャンボ,大きい
ジャンル,ジャンル,类型,ジャンル,種類
スタジオ,スタジオ,工作室,スタジオ,録音室
スチーム,スチーム,蒸汽,スチーム,湯気
ストライキ,ストライキ,罢工,ストライキ,労働争議
ストレス,ストレス,压力,ストレス,緊張
ストロー,ストロー,吸管,ストロー,管
ストロボ,ストロボ,闪光灯,ストロボ,フラッシュ
スピード,スピード,速度,スピード,速さ
スプリング,スプリング,弹簧,スプリング,ばね
スペース,スペース,空间,スペース,場所
スポーツカー,スポーツカー,跑车,スポーツカー,乗用車
スラックス,スラックス,长裤,スラックス,ズボン
セール,セール,销售,セール,安売り
セクション,セクション,部门,セクション,部
セックス,セックス,性别,セックス,性
セレモニー,セレモニー,仪式,セレモニー,式典
センス,センス,感觉,センス,感覚
ゼリー,ゼリー,果冻,ゼリー,プリン
ソース,ソース,调料,ソース,たれ
ソックス,ソックス,袜子,ソックス,靴下
ソロ,ソロ,独奏,ソロ,一人
タイトル,タイトル,标题,タイトル,題名
タイピスト,タイピスト,打字员,タイピスト,秘書
タイマー,タイマー,定时器,タイマー,時計
タイミング,タイミング,时机,タイミング,時期
タイム,タイム,时间,タイム,時間
タイムリー,タイムリー,及时,タイムリー,適時
タイヤ,タイヤ,轮胎,タイヤ,車輪
タイル,タイル,瓷砖,タイル,れんが
タレント,タレント,艺人,タレント,芸能人
タワー,タワー,塔,タワー,建物
ダース,ダース,一打,ダース,12個
ダウン,ダウン,下降,ダウン,アップ
ダブる,ダブる,重复,ダブる,重なる
ダンプ,ダンプ,自卸车,ダンプ,トラック
チームワーク,チームワーク,团队合作,チームワーク,協力
チェンジ,チェンジ,改变,チェンジ,変更
チャイム,チャイム,钟声,チャイム,ベル
チャンネル,チャンネル,频道,チャンネル,放送
ティッシュペーパー,ティッシュペーパー,纸巾,ティッシュペーパー,ハンカチ
テレックス,テレックス,电传,テレックス,ファックス
データ,データ,数据,データ,情報
デコレーション,デコレーション,装饰,デコレーション,飾り
デザート,デザート,甜点,デザート,お菓子
デザイン,デザイン,设计,デザイン,設計
デッサン,デッサン,素描,デッサン,スケッチ
デモンストレーション,デモンストレーション,示威,デモンストレーション,抗議
トーン,トーン,音调,トーン,音色
トラブル,トラブル,麻烦,トラブル,問題
トランジスター,トランジスター,晶体管,トランジスター,電子部品
ドライ,ドライ,干燥,ドライ,乾いた
ドライクリーニング,ドライクリーニング,干洗,ドライクリーニング,洗濯
ドライバー,ドライバー,司机,ドライバー,運転手
ドライブイン,ドライブイン,汽车餐厅,ドライブイン,レストラン
ドリル,ドリル,钻头,ドリル,穴あけ
ナイター,ナイター,夜场比赛,ナイター,夜の試合
ナプキン,ナプキン,餐巾,ナプキン,ハンカチ
ナンセンス,ナンセンス,荒谬,ナンセンス,ばかげた
ニュー,ニュー,新的,ニュー,新しい
ニュアンス,ニュアンス,细微差别,ニュアンス,微妙
ネガ,ネガ,底片,ネガ,フィルム
ノイローゼ,ノイローゼ,神经症,ノイローゼ,精神病
ハンガー,ハンガー,衣架,ハンガー,フック
バー,バー,酒吧,バー,喫茶店
バッジ,バッジ,徽章,バッジ,記章
バット,バット,球棒,バット,ラケット
パジャマ,パジャマ,睡衣,パジャマ,寝間着
パチンコ,パチンコ,弹珠机,パチンコ,ゲーム
パトカー,パトカー,警车,パトカー,救急車
パンク,パンク,爆胎,パンク,故障
ヒント,ヒント,提示,ヒント,手がかり
ビールス,ビールス,病毒,ビールス,ウイルス
ビジネス,ビジネス,商务,ビジネス,仕事
ファイト,ファイト,加油,ファイト,頑張れ
ファイル,ファイル,文件,ファイル,書類
ファン,ファン,粉丝,ファン,愛好者
フィルター,フィルター,过滤器,フィルター,ろ過器
フェリー,フェリー,渡轮,フェリー,船
フォーム,フォーム,形式,フォーム,形
フロント,フロント,前台,フロント,受付
ブーツ,ブーツ,靴子,ブーツ,靴
ブーム,ブーム,热潮,ブーム,流行
ブザー,ブザー,蜂鸣器,ブザー,ベル
ブルー,ブルー,蓝色,ブルー,青
ベース,ベース,基础,ベース,基本
ベスト,ベスト,最好,ベスト,最高
ベストセラー,ベストセラー,畅销书,ベストセラー,人気本
ペア,ペア,一对,ペア,カップル
ホース,ホース,软管,ホース,管
ホール,ホール,大厅,ホール,会場
ボイコット,ボイコット,抵制,ボイコット,拒否
ボルト,ボルト,螺栓,ボルト,ねじ
ポーズ,ポーズ,姿势,ポーズ,格好
ポイント,ポイント,要点,ポイント,点数
ポジション,ポジション,位置,ポジション,場所
ポット,ポット,壶,ポット,やかん
ポンプ,ポンプ,泵,ポンプ,機械
マーク,マーク,标记,マーク,印
マスコミ,マスコミ,媒体,マスコミ,報道
マッサージ,マッサージ,按摩,マッサージ,もみ
ミスプリント,ミスプリント,印刷错误,ミスプリント,誤植
ミセス,ミセス,夫人,ミセス,奥さん
ミュージック,ミュージック,音乐,ミュージック,音楽
ムード,ムード,气氛,ムード,雰囲気
メーカー,メーカー,制造商,メーカー,会社
メッセージ,メッセージ,信息,メッセージ,伝言
メディア,メディア,媒体,メディア,報道
メロディー,メロディー,旋律,メロディー,曲
モーテル,モーテル,汽车旅馆,モーテル,ホテル
モニター,モニター,监视器,モニター,画面
ヤング,ヤング,年轻,ヤング,若い
ユニーク,ユニーク,独特,ユニーク,特別
ユニフォーム,ユニフォーム,制服,ユニフォーム,服装
ライス,ライス,米饭,ライス,ご飯
ラベル,ラベル,标签,ラベル,札
ランプ,ランプ,灯,ランプ,電灯
ルーズ,ルーズ,松散,ルーズ,ゆるい
ルール,ルール,规则,ルール,規則
レース,レース,比赛,レース,競争
レギュラー,レギュラー,常规,レギュラー,普通
レクリエーション,レクリエーション,娱乐,レクリエーション,遊び
レッスン,レッスン,课程,レッスン,授業
レディー,レディー,女士,レディー,婦人
レバー,レバー,杠杆,レバー,てこ
レンジ,レンジ,炉灶,レンジ,コンロ
レンタカー,レンタカー,租车,レンタカー,貸し車
レントゲン,レントゲン,X光,レントゲン,X線
ロープ,ロープ,绳子,ロープ,縄
ローマじ,ローマ字,罗马字,ローマじ,アルファベット
ロマンチック,ロマンチック,浪漫,ロマンチック,romantic
ワット,ワット,瓦特,ワット,電力単位
